data,center,userID,churn
0,0,050736937,T
0,0,045891609,T
0,2,087964932,T
0,2,398210340,T
0,0,576386834,T
0,1,242246270,T
0,4,509450324,T
0,4,838565852,T
0,0,438836594,T
0,4,740430591,T
0,4,440098809,T
0,1,640543690,T
0,2,651182667,T
0,2,746020836,T
0,4,902150871,T
0,1,817823562,T
0,4,248897975,T
0,2,527633602,T
0,2,626163011,T
0,0,098959715,T
0,4,989576019,T
0,2,816274419,T
0,2,636993189,T
0,2,501533153,T
0,4,029705364,T
0,2,500724484,T
0,1,602238035,T
0,4,155715862,T
0,4,054184233,T
0,0,490755516,T
0,2,992013130,T
0,1,362086850,T
0,4,541180658,T
0,2,955609166,T
0,2,570341208,T
0,2,304182649,T
0,2,097556544,T
0,1,526561387,T
0,1,232504870,T
0,4,748350840,T
0,1,723182760,T
0,1,082795875,T
0,2,715081738,T
0,2,604307193,T
0,3,649620145,F
0,2,699707388,T
0,4,854103621,T
0,0,435809413,T
0,1,513127102,T
0,0,730990277,T
0,0,574718668,T
0,2,229780318,T
0,2,250278601,T
0,2,819625979,T
0,1,543875389,T
0,4,322062142,T
0,0,222470999,T
0,0,132060696,T
0,0,937745157,T
0,4,761351487,T
0,1,630636601,T
0,0,608103233,T
0,4,889992840,T
0,0,407999161,T
0,4,631313823,T
0,2,307275859,T
0,1,504635464,T
0,4,732080617,T
0,1,439645076,T
0,2,001406920,T
0,4,613916739,T
0,1,781997905,T
0,2,237422391,T
0,2,327130603,T
0,0,000760708,T
0,2,758956138,T
0,1,561659154,T
0,2,803318410,T
0,0,212124328,T
0,1,133897338,T
0,4,620012206,T
0,2,753281879,T
0,0,838513431,T
0,0,240015357,T
0,0,213472298,T
0,4,848774895,T
0,0,588670263,T
0,2,085143658,T
0,2,232029864,T
0,4,829638344,T
0,4,357926277,T
0,0,123999464,T
0,2,341955970,T
0,4,687651207,T
0,0,051269285,T
0,4,536000228,T
0,0,195136512,T
0,1,110942691,T
0,2,235200169,T
0,3,977673827,F
0,4,725855047,T
0,2,069707027,T
0,4,073506849,T
0,4,843499218,T
0,4,675694449,T
0,0,038990097,T
0,3,236006684,F
0,2,695758557,T
0,4,495154067,T
0,1,736920288,T
0,1,056033888,T
0,0,750153880,T
0,1,408867402,T
0,4,873073140,T
0,2,087642725,T
0,4,672003632,T
0,2,768994183,T
0,4,893451882,T
0,2,046361983,T
0,2,834067352,T
0,1,203590373,T
0,4,175341036,T
0,0,622499253,T
0,2,257170238,T
0,1,321894206,T
0,4,758777439,T
0,4,616026972,T
0,2,009824529,T
0,2,534862961,T
0,1,778897893,T
0,2,092196240,T
0,2,566385366,T
0,1,507045672,T
0,1,996059736,T
0,4,253017189,T
0,3,535005783,F
0,0,271649877,T
0,4,614052938,T
0,4,183902563,T
0,0,153750649,T
0,0,753445390,T
0,2,919212390,T
0,3,672208308,F
0,4,198237849,T
0,2,303799386,T
0,4,021522234,T
0,4,115989142,T
0,1,604372668,T
0,0,357315673,T
0,0,570033393,T
0,4,469239628,T
0,0,035283696,T
0,4,101760568,T
0,0,670254122,T
0,1,961026852,T
0,0,940262893,T
0,1,427347813,T
0,2,153010568,T
0,0,609228208,T
0,2,817971382,T
0,2,144629857,T
0,2,265972053,T
0,0,797182424,T
0,4,918381441,T
0,0,328661246,T
0,4,460568768,T
0,3,181442973,F
0,2,415955104,T
0,2,963323254,T
0,0,860217502,T
0,1,140264918,T
0,2,878892638,T
0,0,727147922,T
0,4,206434269,T
0,4,072652696,T
0,2,177977405,T
0,4,431626317,T
0,1,376155788,T
0,4,181208047,T
0,4,486742122,T
0,4,017690844,T
0,0,815553982,T
0,2,780574219,T
0,2,535673689,T
0,2,388545573,T
0,3,181552838,F
0,4,935580980,T
0,1,116298229,T
0,0,705514486,T
0,4,791221311,T
0,2,190079010,T
0,2,861850491,T
0,2,485823239,T
0,0,836419896,T
0,0,111851193,T
0,1,473478526,T
0,2,652881356,T
0,1,781663537,T
0,4,121746026,T
0,3,785104032,F
0,4,734934041,T
0,0,990869353,T
0,4,363448333,T
0,2,697790529,T
0,3,643809353,F
0,0,624170350,T
0,4,133573930,T
0,0,206828556,T
0,0,840503659,T
0,4,972053349,T
0,2,980270363,T
0,1,435472189,T
0,2,802166498,T
0,4,384246474,T
0,4,417783996,T
0,4,140543914,T
0,1,402281051,T
0,1,414100831,T
0,0,556112312,T
0,3,692881562,F
0,0,392972748,T
0,2,854274371,T
0,4,375514558,T
0,2,398769673,T
0,4,977123880,T
0,2,664150335,T
0,4,249595829,T
0,2,675375482,T
0,0,431496432,T
0,4,519922743,T
0,1,479902134,T
0,2,954632239,T
0,3,664693429,F
0,0,048238816,T
0,4,746115681,T
0,0,846610232,T
0,4,701364259,T
0,2,608577074,T
0,0,660932613,T
0,0,448323469,T
0,2,317079566,T
0,0,044618051,T
0,0,477956192,T
0,4,406973961,T
0,2,329200129,T
0,2,786739349,T
0,4,047134838,T
0,0,075457882,T
0,3,509253976,F
0,2,526066951,T
0,4,393422854,T
0,0,465671996,T
0,4,879464905,T
0,0,531539084,T
0,2,599692313,T
0,2,715698964,T
0,0,509075118,T
0,2,616667440,T
0,0,388597315,T
0,3,757947168,F
0,3,098714601,F
0,1,993872966,T
0,2,303141870,T
0,0,665103267,T
0,4,371105673,T
0,0,248243623,T
0,1,340893640,T
0,4,596677873,T
0,4,765101534,T
0,1,415524579,T
0,1,760188406,T
0,2,980170157,T
0,1,724362506,T
0,2,362327452,T
0,4,164000469,T
0,4,153647619,T
0,0,844171297,T
0,4,798020464,T
0,4,483365054,T
0,2,308752540,T
0,3,563301321,F
0,2,652650502,T
0,2,683946516,T
0,3,674974475,F
0,4,399927739,T
0,1,585091039,T
0,4,524247584,T
0,3,703472880,F
0,0,296673155,T
0,2,701394554,T
0,2,152121204,T
0,2,078310975,T
0,2,814791238,T
0,4,617966956,T
0,1,218553184,T
0,2,922876881,T
0,2,140751861,T
0,4,802026195,T
0,1,165701095,T
0,3,311383771,F
0,1,891403507,T
0,4,477161751,T
0,2,212790027,T
0,4,368456964,T
0,2,633643093,T
0,2,544714984,T
0,4,838469101,T
0,0,173994987,T
0,4,294753659,T
0,2,618245125,T
0,4,370027208,T
0,2,122819353,T
0,0,813608525,T
0,4,306871529,T
0,4,085128415,T
0,4,104317233,T
0,2,183751348,T
0,4,402812246,T
0,2,773978448,T
0,4,095758674,T
0,2,640521518,T
0,2,049182113,T
0,4,427498512,T
0,3,726670332,F
0,4,969869014,T
0,2,852282152,T
0,2,210285190,T
0,2,775085633,T
0,1,071773557,T
0,2,804160354,T
0,4,071641366,T
0,4,356715388,T
0,1,404471654,T
0,0,006823592,T
0,1,117388548,T
0,2,870415833,T
0,0,770686544,T
0,4,327085585,T
0,1,817965335,T
0,4,884860760,T
0,2,633870969,T
0,2,790386389,T
0,4,979609418,T
0,2,160313091,T
0,0,840588211,T
0,3,536970729,F
0,4,277720183,T
0,1,573887281,T
0,2,337766122,T
0,2,523239820,T
0,1,250778643,T
0,1,054891631,T
0,4,400010096,T
0,1,405495583,T
0,4,634036279,T
0,2,313537622,T
0,4,654962097,T
0,2,183773090,T
0,0,862549987,T
0,2,155529025,T
0,4,827164867,T
0,4,116086456,T
0,2,341019722,T
0,2,937474483,T
0,4,739658139,T
0,0,018462863,T
0,4,338558572,T
0,4,098280835,T
0,0,055803851,T
0,4,874780038,T
0,1,729528769,T
0,4,407136572,T
0,0,415058726,T
0,0,266723467,T
0,0,467904284,T
0,0,595445097,T
0,0,111133490,T
0,4,334445428,T
0,3,986104552,F
0,2,775868931,T
0,1,853007150,T
0,2,318616558,T
0,3,718615127,F
0,1,934338880,T
0,0,537020970,T
0,2,013582888,T
0,2,675586491,T
0,2,028925349,T
0,4,491433262,T
0,4,358313778,T
0,4,827925820,T
0,4,014287883,T
0,2,177147215,T
0,2,492297065,T
0,0,326296339,T
0,4,731836198,T
0,4,179678950,T
0,4,550145036,T
0,4,897863379,T
0,4,641347437,T
0,4,693153067,T
0,2,070552512,T
0,4,248126521,T
0,2,130435231,T
0,4,955584340,T
0,2,324918419,T
0,2,535668490,T
0,4,405611455,T
0,4,286950346,T
0,4,797225999,T
0,2,899100915,T
0,1,408302447,T
0,2,510530074,T
0,4,398438484,T
0,4,163834451,T
0,4,076472615,T
0,2,125763081,T
0,2,128555647,T
0,2,636552671,T
0,1,391707026,T
0,2,074034664,T
0,0,126921671,T
0,4,402980899,T
0,0,872170912,T
0,2,015079804,T
0,1,538695078,T
0,4,615409334,T
0,1,358776147,T
0,4,061725238,T
0,2,684676337,T
0,2,208926318,T
0,2,684791341,T
0,0,979462531,T
0,0,856413818,T
0,2,657415859,T
0,0,182548057,T
0,0,338963295,T
0,2,918202707,T
0,4,883799699,T
0,2,111686085,T
0,1,146372845,T
0,4,284882300,T
0,2,813309318,T
0,1,067251956,T
0,4,039558723,T
0,2,857067186,T
0,4,369897520,T
0,3,288773895,F
0,4,487071583,T
0,1,311614452,T
0,2,581016221,T
0,2,806923822,T
0,4,842202186,T
0,4,000115938,T
0,3,061822254,F
0,1,915584811,T
0,1,144447056,T
0,2,594363072,T
0,0,385460589,T
0,4,504025093,T
0,2,247579336,T
0,2,596910385,T
0,4,455236183,T
0,0,596447692,T
0,0,902840434,T
0,2,066451048,T
0,2,116436786,T
0,2,849580605,T
0,4,262298659,T
0,4,050213537,T
0,2,083759952,T
0,0,025782037,T
0,4,487903012,T
0,4,131966402,T
0,0,493541982,T
0,1,673364107,T
0,0,954247939,T
0,4,939899918,T
0,4,055915288,T
0,4,967128107,T
0,0,602354729,T
0,4,993825951,T
0,0,560899983,T
0,4,545040397,T
0,2,031462880,T
0,0,202793457,T
0,4,723743472,T
0,0,680504136,T
0,3,697735360,F
0,4,472166753,T
0,3,914371274,F
0,1,756462188,T
0,0,175590155,T
0,0,858410080,T
0,0,320142944,T
0,4,672162619,T
0,0,556913609,T
0,4,673757072,T
0,2,436857448,T
0,2,612847025,T
0,4,498688974,T
0,0,123302725,T
0,4,843596249,T
0,2,984231480,T
0,4,187421038,T
0,0,258454247,T
0,2,651133643,T
0,1,580951260,T
0,3,595333376,F
0,0,663046584,T
0,4,545087619,T
0,1,609316158,T
0,2,116700386,T
0,2,170336631,T
0,2,557861307,T
0,4,104282490,T
0,2,083794253,T
0,0,733716653,T
0,2,963186430,T
0,0,769411327,T
0,2,720555949,T
0,4,728248973,T
0,2,764468395,T
0,1,947379276,T
0,1,097161579,T
0,2,376146293,T
0,1,992746892,T
0,0,081521262,T
0,0,287806616,T
0,2,309368251,T
0,3,886961736,F
0,4,157950600,T
0,1,337703268,T
0,1,192194156,T
0,2,248942285,T
0,1,947794385,T
0,4,972837031,T
0,2,509880020,T
0,2,078125228,T
0,4,531535703,T
0,2,224435625,T
0,2,875007972,T
0,0,145538783,T
0,0,500379388,T
0,1,989424216,T
0,4,901284913,T
0,4,418207408,T
0,0,021702383,T
0,4,469740267,T
0,4,491601062,T
0,2,393830795,T
0,1,286017186,T
0,0,652827327,T
0,1,505430197,T
0,0,641992913,T
0,0,915716720,T
0,0,703883964,T
0,1,790144447,T
0,4,707175975,T
0,3,436301004,F
0,4,134799433,T
0,2,432393090,T
0,0,328657524,T
0,1,316346090,T
0,1,069969174,T
0,2,517134350,T
0,1,494112993,T
0,3,043114360,F
0,2,030346454,T
0,2,241274256,T
0,0,507513622,T
0,1,207226968,T
0,1,341770378,T
0,4,323234857,T
0,2,055021038,T
0,2,634306204,T
0,4,305806993,T
0,0,503037913,T
0,2,721908178,T
0,1,257222294,T
0,0,156368747,T
0,0,900036352,T
0,2,987843080,T
0,1,770288761,T
0,0,235167118,T
0,4,202222120,T
0,4,734238869,T
0,0,387164865,T
0,2,033901225,T
0,4,899993911,T
0,4,525336758,T
0,4,293855546,T
0,2,538942001,T
0,4,492248136,T
0,2,780748665,T
0,4,825324823,T
0,4,705861917,T
0,2,582817177,T
0,4,960937670,T
0,2,202762075,T
0,4,186343020,T
0,2,510115182,T
0,1,002944196,T
0,3,252875869,F
0,0,594002552,T
0,2,426766642,T
0,2,978384198,T
0,1,074952394,T
0,2,664519639,T
0,2,646856459,T
0,2,485505390,T
0,2,334922698,T
0,4,946002005,T
0,4,660053141,T
0,2,935267884,T
0,2,332035155,T
0,4,021482091,T
0,2,209403082,T
0,1,787493690,T
0,2,927353160,T
0,4,460308224,T
0,1,081262736,T
0,2,281561957,T
0,0,550651941,T
0,4,770949505,T
0,4,874572674,T
0,3,795252103,F
0,2,795472258,T
0,2,870220925,T
0,1,352001873,T
0,2,172389364,T
0,3,606585684,F
0,2,685219909,T
0,4,324011719,T
0,1,790322950,T
0,4,330995055,T
0,4,289302940,T
0,0,441174771,T
0,2,014194414,T
0,4,538304066,T
0,4,826412291,T
0,2,614249066,T
0,4,526383343,T
0,0,599515812,T
0,4,792633408,T
0,1,331217703,T
0,2,896969324,T
0,1,783010431,T
0,1,246174884,T
0,2,354009668,T
0,1,512116793,T
0,4,557069370,T
0,1,886577645,T
0,1,070296069,T
0,1,487408452,T
0,2,422567176,T
0,1,004566842,T
0,4,436406011,T
0,4,152598509,T
0,4,976862786,T
0,0,802341047,T
0,3,401891725,F
0,2,868924075,T
0,3,412719091,F
0,2,332901300,T
0,4,671903634,T
0,0,569844334,T
0,2,139249915,T
0,2,216069860,T
0,4,892080424,T
0,4,993041271,T
0,2,592768953,T
0,3,848352908,F
0,4,937058335,T
0,2,559943021,T
0,2,178487819,T
0,2,888251648,T
0,2,985385704,T
0,1,009889844,T
0,1,265483044,T
0,2,175895465,T
0,4,129598365,T
0,1,157361126,T
0,0,043618758,T
0,2,766111676,T
0,2,595099872,T
0,0,355806709,T
0,0,471031249,T
0,4,276236586,T
0,4,281433761,T
0,2,825405071,T
0,4,500439732,T
0,2,753536526,T
0,4,090188341,T
0,0,412515243,T
0,4,168894435,T
0,4,862592044,T
0,0,293357794,T
0,1,708541083,T
0,4,948503969,T
0,3,025728713,F
0,2,229768002,T
0,3,123981280,F
0,4,045161924,T
0,1,545806129,T
0,4,851311987,T
0,1,546929844,T
0,0,845764352,T
0,4,421471547,T
0,4,630937882,T
0,2,901285672,T
0,1,053535830,T
0,1,720265245,T
0,4,714453559,T
0,1,216223362,T
0,2,422318679,T
0,4,142465896,T
0,1,171507359,T
0,2,421721777,T
0,4,246108257,T
0,4,292689027,T
0,0,762873144,T
0,2,267694078,T
0,4,036515913,T
0,3,408488692,F
0,2,331682332,T
0,4,662846885,T
0,4,536967793,T
0,0,054892841,T
0,2,740584198,T
0,4,474190575,T
0,0,056074287,T
0,0,027077358,T
0,2,131265043,T
0,4,709630312,T
0,2,545637704,T
0,4,667134448,T
0,2,588830398,T
0,4,476615818,T
0,1,257010225,T
0,0,299156094,T
0,1,912058652,T
0,4,895200225,T
0,4,624318912,T
0,0,887819524,T
0,2,902676657,T
0,0,419151508,T
0,1,312537625,T
0,0,922713540,T
0,1,881985223,T
0,0,898512117,T
0,0,545820368,T
0,1,354581316,T
0,0,351627297,T
0,2,044032834,T
0,2,377616370,T
0,4,476506790,T
0,4,787729930,T
0,2,614269025,T
0,3,050389277,F
0,2,337212355,T
0,4,102844785,T
0,0,976889247,T
0,1,484369403,T
0,4,036379898,T
0,2,886270130,T
0,4,212360118,T
0,4,193751812,T
0,4,676489559,T
0,2,510131414,T
0,4,375247424,T
0,3,234704048,F
0,1,520565058,T
0,1,475855065,T
0,2,419551650,T
0,4,398496960,T
0,4,278750065,T
0,2,723766911,T
0,0,464745541,T
0,1,673620771,T
0,4,998385530,T
0,2,393462861,T
0,4,117745769,T
0,2,132925204,T
0,3,664648140,F
0,4,996542675,T
0,1,422502656,T
0,4,552233257,T
0,1,378711622,T
0,4,871581196,T
0,4,978519772,T
0,4,110573303,T
0,4,211962926,T
0,4,811271453,T
0,4,991266738,T
0,2,217863568,T
0,4,124534249,T
0,2,989114502,T
0,4,547222507,T
0,2,267347463,T
0,2,650415011,T
0,0,075525149,T
0,2,247555784,T
0,4,748774501,T
0,0,744260836,T
0,0,580025922,T
0,2,966262726,T
0,1,733288441,T
0,2,458941358,T
0,1,296363648,T
0,2,910939424,T
0,4,357144181,T
0,4,264350250,T
0,2,762977541,T
0,2,410595082,T
0,1,876441354,T
0,0,167770271,T
0,2,814823030,T
0,3,527461314,F
0,4,359750631,T
0,2,767519532,T
0,4,152854964,T
0,1,740031978,T
0,1,517176583,T
0,4,231392577,T
0,2,816116320,T
0,4,918980422,T
0,1,901659580,T
0,0,551126570,T
0,4,957802882,T
0,2,933506740,T
0,2,304059703,T
0,4,422611098,T
0,4,743933978,T
0,2,046426213,T
0,2,976040833,T
0,0,293960578,T
0,0,466643121,T
0,2,673154770,T
0,0,712706872,T
0,4,379326093,T
0,1,915739570,T
0,4,334985906,T
0,1,212288003,T
0,2,483677479,T
0,4,386253856,T
0,3,067013190,F
0,1,070549938,T
0,3,065289522,F
0,2,918696943,T
0,2,265486428,T
0,4,546885997,T
0,2,709999103,T
0,4,199238207,T
0,1,953362516,T
0,2,342664023,T
0,1,781725452,T
0,0,436241423,T
0,4,677429646,T
0,0,671171589,T
0,4,191984160,T
0,0,560304080,T
0,1,781274097,T
0,2,634182605,T
0,3,259953400,F
0,4,742038422,T
0,4,096850901,T
0,2,245102127,T
0,1,310979859,T
0,4,411417776,T
0,4,106829001,T
0,4,008901366,T
0,4,318758050,T
0,1,345170648,T
0,3,210039319,F
0,4,097913677,T
0,2,922574018,T
0,2,348911574,T
0,2,776842877,T
0,4,089830466,T
0,1,481163579,T
0,0,993733652,T
0,2,316909034,T
0,0,227181775,T
0,2,868305565,T
0,2,082029952,T
0,4,992676569,T
0,2,833630072,T
0,3,747588970,F
0,2,605468407,T
0,1,843618520,T
0,4,237476524,T
0,1,311128381,T
0,0,351571135,T
0,2,876659968,T
0,2,385495688,T
0,4,785682704,T
0,2,952953764,T
0,2,607976997,T
0,2,879630257,T
0,3,128287242,F
0,0,479519844,T
0,1,848143547,T
0,4,282599697,T
0,4,881208951,T
0,0,888357936,T
0,2,641302781,T
0,3,551470781,F
0,4,935984161,T
0,2,290260947,T
0,2,552899182,T
0,2,709314166,T
0,1,706222844,T
0,1,247622333,T
0,4,311731917,T
0,4,712966831,T
0,0,461425293,T
0,1,675581238,T
0,1,894527883,T
0,2,413882782,T
0,4,724699111,T
0,4,980895653,T
0,0,225547394,T
0,2,911246909,T
0,4,598936701,T
0,0,946030405,T
0,1,070769036,T
0,1,966924309,T
0,2,545473962,T
0,2,997357616,T
0,1,144060665,T
0,4,235570809,T
0,1,955353485,T
0,2,004864195,T
0,2,261945902,T
0,4,740933124,T
0,4,285087273,T
0,2,823891974,T
0,1,616012983,T
0,0,154500810,T
0,0,406228008,T
0,0,566092502,T
0,0,444374574,T
0,2,155365421,T
0,1,416512546,T
0,1,692128888,T
0,0,204076395,T
0,3,048437724,F
0,4,409421316,T
0,1,390108907,T
0,0,219531450,T
0,4,433607837,T
0,1,394593858,T
0,4,508710901,T
0,2,033992785,T
0,2,772823591,T
0,0,596141787,T
0,3,850442854,F
0,1,605084913,T
0,4,750477795,T
0,1,223708472,T
0,3,155571449,F
0,4,677489509,T
0,1,903692194,T
0,2,225762923,T
0,4,988111539,T
0,0,160860483,T
0,4,386391846,T
0,4,509414080,T
0,0,581223448,T
0,0,270531780,T
0,1,737633361,T
0,3,311853753,F
0,2,241664941,T
0,2,169980354,T
0,2,901822368,T
0,2,364783447,T
0,4,082320445,T
0,4,248280767,T
0,4,183498083,T
0,0,993316844,T
0,4,809264377,T
0,4,533097399,T
0,2,361778266,T
0,4,936642726,T
0,2,110494758,T
0,4,094961239,T
0,0,109097937,T
0,4,042363636,T
0,2,762208422,T
0,4,014266041,T
0,0,501439736,T
0,4,357084002,T
0,4,004737224,T
0,2,771069791,T
0,0,325554381,T
0,2,291269984,T
0,4,440582375,T
0,0,051361411,T
0,0,239760494,T
0,1,953379264,T
0,2,343417849,T
0,4,213360879,T
0,4,077640150,T
0,0,293831530,T
0,4,361246937,T
0,3,864436202,F
0,2,489469326,T
0,1,765738340,T
0,2,259094694,T
0,0,072706241,T
0,4,532987970,T
0,2,313802300,T
0,2,315738524,T
0,4,132543458,T
0,3,305745532,F
0,2,080911224,T
0,0,461635088,T
0,3,172115510,F
0,1,421952090,T
0,2,406840508,T
0,1,372963530,T
0,0,252591317,T
0,4,236514477,T
0,1,201955727,T
0,1,150030469,T
0,4,559850551,T
0,0,387979546,T
0,0,366966184,T
0,2,049988549,T
0,2,644072094,T
0,2,146391518,T
0,2,029692498,T
0,1,930770641,T
0,4,962998827,T
0,4,113079433,T
0,4,638437299,T
0,4,355878789,T
0,0,418274312,T
0,4,421383689,T
0,4,084377665,T
0,4,118690874,T
0,0,305236367,T
0,0,503758943,T
0,0,024876532,T
0,2,413992908,T
0,1,495221577,T
0,0,808901201,T
0,0,866257209,T
0,2,459005239,T
0,0,037597603,T
0,4,642043189,T
0,2,610919753,T
0,4,781098483,T
0,2,584849966,T
0,1,114785647,T
0,2,332410714,T
0,2,418301278,T
0,2,325448918,T
0,0,559992639,T
0,4,706452329,T
0,0,829496074,T
0,0,037472924,T
0,2,759816296,T
0,0,571842830,T
0,4,180775403,T
0,2,010035944,T
0,2,119054646,T
0,4,089334532,T
0,4,025433986,T
0,4,175056432,T
0,0,401676613,T
0,2,667782710,T
0,4,553124682,T
0,0,945404638,T
0,0,282453149,T
0,1,556340966,T
0,1,111737368,T
0,0,026090151,T
0,3,038320371,F
0,4,122351582,T
0,4,569315508,T
0,1,402996373,T
0,4,316557308,T
0,3,264517446,F
0,2,654914731,T
0,4,406964465,T
0,2,401175637,T
0,4,578846856,T
0,4,461603990,T
0,4,240571961,T
0,1,705554302,T
0,2,033265143,T
0,1,292246184,T
0,1,877930554,T
0,4,661477475,T
0,1,497785249,T
0,2,929589190,T
0,0,324025766,T
0,4,797892737,T
1,2,400268457,T
1,2,646315979,T
1,2,728596839,T
1,3,813631268,T
1,3,207709971,T
1,1,321610534,T
1,4,460676074,F
1,1,354960054,T
1,1,435627987,T
1,3,918446934,T
1,1,876353269,T
1,6,208491004,F
1,4,843945116,F
1,3,558111679,T
1,3,462772119,T
1,2,231559755,T
1,5,308452681,F
1,2,568726207,T
1,3,096880239,T
1,2,239999508,T
1,1,401691994,T
1,3,630050582,T
1,4,757834213,F
1,6,372495071,F
1,3,987415931,T
1,1,216602691,T
1,4,650595464,F
1,3,906408032,T
1,6,395880182,F
1,1,366352955,T
1,6,048569889,F
1,3,573594528,T
1,6,169068760,F
1,4,091867410,F
1,5,696877140,F
1,6,804865187,F
1,1,875897549,T
1,6,639170048,F
1,6,463888261,F
1,1,313447427,T
1,3,248522267,T
1,4,074650647,F
1,3,442591840,T
1,0,371876769,F
1,6,731180798,F
1,6,248640337,F
1,3,410851959,T
1,2,483120663,T
1,6,991327187,F
1,5,004309438,F
1,5,315729912,F
1,3,472895145,T
1,6,319991851,F
1,3,712319388,T
1,3,031276798,T
1,3,015330266,T
1,6,090820626,F
1,4,409155366,F
1,5,105658090,F
1,2,526264410,T
1,6,425588738,F
1,1,657858965,T
1,4,253805546,F
1,6,561714178,F
1,4,761173516,F
1,6,250434538,F
1,6,362651805,F
1,4,932887387,F
1,5,623878108,F
1,5,709808393,F
1,4,578904878,F
1,2,194830651,T
1,6,158645342,F
1,2,840373026,T
1,5,273446394,F
1,4,755177759,F
1,2,798897136,T
1,6,851460086,F
1,6,968711902,F
1,4,751176351,F
1,5,396195695,F
1,1,315609701,T
1,6,510722150,F
1,6,355936317,F
1,1,176373788,T
1,1,680902796,T
1,2,294615764,T
1,2,933702398,T
1,2,097876402,T
1,2,658426315,T
1,2,151961187,T
1,3,582202334,T
1,6,599696080,F
1,4,239719885,F
1,6,915764802,F
1,2,557369072,T
1,4,084516722,F
1,6,862307853,F
1,6,804027354,F
1,3,249859432,T
1,4,510385407,F
1,6,438464448,F
1,1,987815257,T
1,6,012419210,F
1,6,634947523,F
1,6,122481327,F
1,6,109330066,F
1,4,592545852,F
1,6,051187374,F
1,3,542297549,T
1,5,969009983,F
1,3,633070859,T
1,1,283868259,T
1,2,202135077,T
1,6,108623193,F
1,1,043461938,T
1,0,897720439,F
1,6,250448035,F
1,1,121317797,T
1,5,299038334,F
1,1,296301189,T
1,3,193049868,T
1,2,371030294,T
1,3,202038870,T
1,3,807669890,T
1,5,448323986,F
1,2,619818956,T
1,4,880089523,F
1,1,626652165,T
1,3,592184314,T
1,2,753386447,T
1,5,692621675,F
1,2,264115463,T
1,3,908738297,T
1,1,163939822,T
1,6,218492431,F
1,2,243582491,T
1,4,174071135,F
1,3,068171021,T
1,6,929011442,F
1,2,176903612,T
1,5,325019922,F
1,2,832175536,T
1,3,655529046,T
1,2,643923906,T
1,4,529689472,F
1,4,781904803,F
1,2,858981015,T
1,4,822589270,F
1,6,140609458,F
1,1,864774507,T
1,2,970177242,T
1,1,903635123,T
1,4,886730646,F
1,6,208538021,F
1,2,103967206,T
1,0,375646806,F
1,0,180448283,F
1,4,544919855,F
1,0,493249313,F
1,2,912297350,T
1,4,668021232,F
1,1,259720614,T
1,1,797296158,T
1,6,981147228,F
1,1,541938186,T
1,2,418978503,T
1,4,992898497,F
1,5,126636014,F
1,2,146599892,T
1,6,274258992,F
1,4,245816207,F
1,2,442501970,T
1,1,599955367,T
1,2,042109677,T
1,4,603404603,F
1,6,470761396,F
1,2,283454168,T
1,6,965714370,F
1,1,034102478,T
1,2,386102196,T
1,2,015546487,T
1,6,740962109,F
1,2,170862648,T
1,6,080410128,F
1,2,683231776,T
1,1,202186335,T
1,6,810242920,F
1,5,141824722,F
1,6,190425973,F
1,6,202595331,F
1,6,138099206,F
1,4,142454125,F
1,6,158101966,F
1,5,478952848,F
1,1,934904016,T
1,2,235654086,T
1,2,634936079,T
1,2,721284060,T
1,5,731705595,F
1,1,617049154,T
1,2,849410610,T
1,0,771986338,F
1,2,872209896,T
1,4,026353366,F
1,4,124583394,F
1,3,967542717,T
1,6,441733833,F
1,3,197318243,T
1,4,554581090,F
1,1,682082488,T
1,5,734301320,F
1,1,019475244,T
1,1,193651833,T
1,2,515882723,T
1,5,456614743,F
1,0,610731677,F
1,3,035717874,T
1,2,179013437,T
1,2,035304744,T
1,6,105120499,F
1,3,987829417,T
1,4,457165731,F
1,1,872798041,T
1,6,902489991,F
1,3,447360625,T
1,2,134184156,T
1,0,322121009,F
1,6,286799618,F
1,6,195287610,F
1,2,027663155,T
1,4,810016164,F
1,1,930493511,T
1,1,127832508,T
1,1,251570856,T
1,6,489172591,F
1,4,382959375,F
1,3,013847638,T
1,5,367032501,F
1,2,285682298,T
1,5,840352406,F
1,3,992652445,T
1,2,280649396,T
1,3,776917481,T
1,1,220075698,T
1,2,803240689,T
1,6,496458101,F
1,2,724827222,T
1,2,552734882,T
1,4,531806357,F
1,2,911560711,T
1,4,829631711,F
1,4,265137002,F
1,2,619621587,T
1,2,543413087,T
1,4,409637928,F
1,3,919254872,T
1,5,698247625,F
1,6,426155439,F
1,1,151843270,T
1,4,006310351,F
1,3,717389822,T
1,4,908730991,F
1,6,844521558,F
1,3,888793903,T
1,4,056733707,F
1,3,936456709,T
1,1,883064485,T
1,3,493603936,T
1,2,480380743,T
1,1,785443290,T
1,6,867935480,F
1,5,082378290,F
1,6,727392112,F
1,6,581353185,F
1,6,667805223,F
1,2,927596808,T
1,3,084064405,T
1,6,414378205,F
1,4,139486185,F
1,1,011590806,T
1,6,378053106,F
1,4,919668653,F
1,1,374889214,T
1,4,389238682,F
1,5,818068630,F
1,3,657873084,T
1,6,878702341,F
1,3,559755920,T
1,6,583109655,F
1,2,679864156,T
1,1,832708474,T
1,4,576233897,F
1,5,826079114,F
1,5,333149643,F
1,2,835509513,T
1,1,418044434,T
1,2,951554085,T
1,3,501627616,T
1,6,286139772,F
1,2,274126411,T
1,1,248947387,T
1,6,053067598,F
1,5,118020655,F
1,1,004346157,T
1,4,316552095,F
1,3,188537752,T
1,4,008095901,F
1,4,191530123,F
1,3,126077088,T
1,3,177287047,T
1,3,880510174,T
1,4,398316404,F
1,2,663709833,T
1,4,508911938,F
1,4,858616396,F
1,6,909946398,F
1,4,966162376,F
1,2,068413951,T
1,1,727945818,T
1,3,849408069,T
1,3,120974242,T
1,4,664120128,F
1,3,127445882,T
1,0,389108222,F
1,4,174395355,F
1,1,433967307,T
1,1,244012299,T
1,6,448853889,F
1,2,320118213,T
1,4,937746992,F
1,1,822314894,T
1,4,469746828,F
1,5,144741198,F
1,4,847809318,F
1,1,689769018,T
1,2,268423086,T
1,6,269894926,F
1,2,144621726,T
1,3,539010927,T
1,1,926367333,T
1,6,262861437,F
1,3,601810666,T
1,2,283142670,T
1,3,360731181,T
1,3,289802158,T
1,6,753757080,F
1,6,315448647,F
1,3,786692035,T
1,2,819466543,T
1,5,434836818,F
1,2,877083237,T
1,3,132253674,T
1,6,804794324,F
1,4,584622136,F
1,6,381764149,F
1,4,024713242,F
1,1,143712264,T
1,1,158359800,T
1,4,117649602,F
1,6,637234467,F
1,5,904294017,F
1,6,258312389,F
1,6,334631426,F
1,2,939139986,T
1,1,516419279,T
1,6,857713498,F
1,2,170884271,T
1,3,584126743,T
1,4,017641781,F
1,6,392832616,F
1,1,545619879,T
1,4,913312787,F
1,1,047908183,T
1,1,443996353,T
1,1,606349919,T
1,3,252836949,T
1,4,764576839,F
1,4,490451190,F
1,4,687054317,F
1,6,676992226,F
1,6,904038106,F
1,2,191815576,T
1,3,147316919,T
1,6,325186710,F
1,3,913260288,T
1,4,871291200,F
1,6,005441437,F
1,1,205206574,T
1,4,383835914,F
1,6,383496264,F
1,4,264850403,F
1,6,995095042,F
1,4,799045104,F
1,3,787632437,T
1,4,235084703,F
1,2,773269467,T
1,5,332273384,F
1,4,765370338,F
1,3,490925200,T
1,5,405150973,F
1,4,721036585,F
1,6,390694792,F
1,3,228826470,T
1,6,386314937,F
1,1,123536953,T
1,3,668158824,T
1,2,723841164,T
1,3,537126501,T
1,3,531570059,T
1,2,259272976,T
1,4,129675343,F
1,2,907386680,T
1,6,344951502,F
1,4,322904402,F
1,4,668401186,F
1,4,242019032,F
1,1,968417225,T
1,2,253151244,T
1,5,965854425,F
1,5,107078332,F
1,1,247505694,T
1,1,170119833,T
1,6,270151524,F
1,5,540003164,F
1,3,212498244,T
1,6,349391048,F
1,6,704876000,F
1,1,021482903,T
1,6,973124603,F
1,3,629089204,T
1,6,576894709,F
1,4,523949065,F
1,4,097658809,F
1,6,433680577,F
1,1,382925361,T
1,6,126165961,F
1,3,166707095,T
1,3,977230136,T
1,4,442968046,F
1,6,976012355,F
1,6,652842007,F
1,6,935886259,F
1,6,274040410,F
1,2,395303731,T
1,2,408956515,T
1,6,260943073,F
1,2,479399749,T
1,2,890355724,T
1,4,243834367,F
1,2,241061870,T
1,1,930961017,T
1,2,923938023,T
1,2,442118896,T
1,1,482508090,T
1,3,554776142,T
1,3,039314811,T
1,3,347086141,T
1,4,257280025,F
1,2,290996611,T
1,6,084596493,F
1,2,976495620,T
1,6,669399480,F
1,2,785409253,T
1,6,673591879,F
1,1,477554284,T
1,3,459169657,T
1,1,900593177,T
1,2,031718286,T
1,1,490676945,T
1,3,136567703,T
1,2,772779670,T
1,3,732888416,T
1,3,743640218,T
1,6,730264089,F
1,2,609177103,T
1,5,278724926,F
1,6,057178578,F
1,1,918658204,T
1,4,713261384,F
1,3,477601804,T
1,1,049490491,T
1,2,609351156,T
1,4,563778146,F
1,4,345914280,F
1,1,015450123,T
1,6,796007118,F
1,6,150930667,F
1,3,646408053,T
1,1,076526824,T
1,6,005240127,F
1,6,856928023,F
1,2,183879410,T
1,4,927998768,F
1,4,895053515,F
1,3,921002216,T
1,6,628360358,F
1,0,319867812,F
1,3,014400589,T
1,6,461268858,F
1,5,751523853,F
1,4,877303280,F
1,3,585477848,T
1,6,295295436,F
1,1,171413951,T
1,4,026881796,F
1,3,837244017,T
1,1,086272947,T
1,1,033998646,T
1,2,402638938,T
1,4,846313065,F
1,0,082350736,F
1,4,406664810,F
1,3,873915498,T
1,3,799198386,T
1,3,030495765,T
1,5,685085853,F
1,3,275216195,T
1,6,555613128,F
1,4,049629545,F
1,3,246173087,T
1,3,623607768,T
1,1,225141891,T
1,2,913480375,T
1,4,684971217,F
1,6,782377683,F
1,1,431387851,T
1,1,161474831,T
1,6,795506148,F
1,4,495702562,F
1,6,482271938,F
1,2,568891037,T
1,2,019570204,T
1,1,941578974,T
1,3,663576483,T
1,2,149261394,T
1,1,813509780,T
1,6,433763183,F
1,1,863154532,T
1,1,077520998,T
1,6,905799847,F
1,2,786522176,T
1,1,179629684,T
1,6,185877517,F
1,2,496106307,T
1,6,086706551,F
1,2,748405855,T
1,2,411821775,T
1,2,673360454,T
1,4,862056482,F
1,2,815911694,T
1,2,079564932,T
1,2,835726387,T
1,2,582581726,T
1,4,951978122,F
1,3,967413844,T
1,4,927817768,F
1,1,549560527,T
1,1,982105342,T
1,2,848988007,T
1,6,232740564,F
1,1,946136822,T
1,1,706530237,T
1,6,482379444,F
1,3,755534876,T
1,6,398561753,F
1,4,686432296,F
1,6,194518279,F
1,5,290204839,F
1,5,439274495,F
1,5,630719717,F
1,2,159002512,T
1,4,235645936,F
1,2,622638211,T
1,6,642886066,F
1,1,315097364,T
1,5,614718943,F
1,4,417700432,F
1,3,889109610,T
1,4,451541481,F
1,2,542412547,T
1,6,305202506,F
1,1,440394921,T
1,4,853393683,F
1,2,607714242,T
1,6,442087135,F
1,1,534307208,T
1,2,265416104,T
1,2,427832053,T
1,5,688724578,F
1,3,982267922,T
1,6,702996596,F
1,3,653525318,T
1,3,501409434,T
1,3,791362349,T
1,4,273662942,F
1,4,412092007,F
1,0,466052883,F
1,6,205088473,F
1,6,015135189,F
1,0,109695251,F
1,6,755819519,F
1,6,523499362,F
1,4,900290028,F
1,5,262102821,F
1,4,790468181,F
1,2,505424620,T
1,6,652847602,F
1,2,835090131,T
1,3,341972236,T
1,2,164773748,T
1,2,038116464,T
1,2,798880797,T
1,5,547976828,F
1,2,267599733,T
1,2,230305093,T
1,6,123451609,F
1,2,243737119,T
1,4,455710083,F
1,3,323968264,T
1,1,994181906,T
1,4,561640673,F
1,3,915973996,T
1,2,296884645,T
1,3,311640218,T
1,3,383953232,T
1,5,639628703,F
1,3,971448272,T
1,5,390528150,F
1,2,187424385,T
1,1,243573584,T
1,6,192617195,F
1,2,406027836,T
1,6,515729690,F
1,1,379955416,T
1,4,945353217,F
1,2,582904572,T
1,3,143193201,T
1,3,136176732,T
1,2,790096037,T
1,4,388665366,F
1,2,584224081,T
1,4,445121155,F
1,1,275908989,T
1,4,901083786,F
1,6,954382547,F
1,6,809423141,F
1,3,244818746,T
1,4,233826068,F
1,6,219756810,F
1,3,779723015,T
1,1,859078670,T
1,5,838769730,F
1,1,826763630,T
1,6,303936328,F
1,1,922189695,T
1,1,809246276,T
1,6,988248957,F
1,6,924410817,F
1,2,123534542,T
1,2,423612599,T
1,1,215164589,T
1,6,379569297,F
1,6,807730593,F
1,4,241897886,F
1,3,772787622,T
1,2,893272222,T
1,1,229479479,T
1,5,366348711,F
1,1,464181070,T
1,1,030823787,T
1,2,865439054,T
1,6,073655234,F
1,3,777248088,T
1,6,730831997,F
1,2,403521981,T
1,6,064779242,F
1,4,179999359,F
1,3,935132053,T
1,4,606737605,F
1,2,769066819,T
1,1,658425648,T
1,6,355514737,F
1,1,830255164,T
1,4,817514272,F
1,6,946058125,F
1,6,054318147,F
1,4,131132987,F
1,6,499764287,F
1,3,547626315,T
1,2,812186679,T
1,6,292890199,F
1,6,976002350,F
1,5,861611362,F
1,4,759851991,F
1,4,560192954,F
1,3,826645819,T
1,5,434210187,F
1,0,475443683,F
1,1,959549043,T
1,3,096725385,T
1,6,691798066,F
1,3,993797252,T
1,2,159761954,T
1,3,260550020,T
1,1,858585176,T
1,0,558910604,F
1,6,976355205,F
1,6,465091311,F
1,4,935380180,F
1,2,686174758,T
1,4,852093420,F
1,4,768936643,F
1,3,514677465,T
1,4,336903793,F
1,5,175620336,F
1,3,813010467,T
1,3,265683815,T
1,2,630227560,T
1,2,738218729,T
1,6,692394428,F
1,4,393722388,F
1,2,410403862,T
1,4,158163580,F
1,0,193780972,F
1,4,518580151,F
1,3,465507891,T
1,6,718296077,F
1,2,583902769,T
1,2,865347953,T
1,6,887559757,F
1,6,395012408,F
1,4,451697753,F
1,6,744204081,F
1,1,053840102,T
1,4,373756210,F
1,2,171338776,T
1,4,099698856,F
1,3,416962402,T
1,3,667376379,T
1,3,103544579,T
1,2,196521342,T
1,2,698137632,T
1,3,609947741,T
1,4,720487495,F
1,5,204821199,F
1,4,354192770,F
1,6,443204795,F
1,1,435691110,T
1,3,618629358,T
1,4,623470271,F
1,6,583463808,F
1,3,834811301,T
1,2,353829398,T
1,2,569115323,T
1,1,539874003,T
1,1,971082967,T
1,1,064235333,T
1,0,450412289,F
1,4,720128916,F
1,4,264585082,F
1,1,664806045,T
1,1,800732596,T
1,1,442688631,T
1,4,886630729,F
1,3,237523006,T
1,6,982522825,F
1,6,750399267,F
1,3,207663330,T
1,1,574874682,T
1,2,577986844,T
1,3,333210862,T
1,1,307770959,T
1,6,148410772,F
1,2,753701877,T
1,6,140060697,F
1,1,844895210,T
1,6,551328953,F
1,1,870387820,T
1,2,196908867,T
1,3,992701268,T
1,2,509173899,T
1,5,879814829,F
1,2,680834297,T
1,6,576607052,F
1,6,666804401,F
1,6,748533342,F
1,2,561826431,T
1,6,410663391,F
1,2,695302657,T
1,4,806419767,F
1,3,587279725,T
1,3,963285085,T
1,0,477899829,F
1,2,027201355,T
1,2,698084556,T
1,1,238485423,T
1,4,088744643,F
1,1,972516341,T
1,1,489197406,T
1,6,643889603,F
1,3,221380551,T
1,4,884058913,F
1,6,272450757,F
1,3,878374728,T
1,6,550152321,F
1,4,331303672,F
1,2,344241678,T
1,6,005028688,F
1,4,860602723,F
1,4,397580756,F
1,6,146216961,F
1,2,775775540,T
1,0,464579397,F
1,6,902215734,F
1,6,676289087,F
1,4,606451764,F
1,2,293366681,T
1,1,529366977,T
1,1,903556518,T
1,6,182345313,F
1,3,962789530,T
1,4,832429215,F
1,4,568326719,F
1,4,570125550,F
1,2,914193307,T
1,3,874297833,T
1,6,174003801,F
1,1,437522627,T
1,0,845191647,F
1,4,857933063,F
1,1,851324556,T
1,2,283412174,T
1,2,830768926,T
1,2,076165248,T
1,2,222148635,T
1,4,229908866,F
1,3,699200502,T
1,2,535394971,T
1,1,659055133,T
1,6,573038348,F
1,6,733538320,F
1,3,514827985,T
1,5,434095657,F
1,3,747837954,T
1,6,031162961,F
1,6,396617597,F
1,6,720113333,F
1,2,950800014,T
1,3,755773894,T
1,6,730214731,F
1,2,293661330,T
1,3,451160254,T
1,6,392653777,F
1,1,055199685,T
1,0,732220359,F
1,4,706664666,F
1,4,236736954,F
1,6,757631194,F
1,5,929925911,F
1,5,377685563,F
1,6,172734850,F
1,1,865431665,T
1,6,118815000,F
1,1,705888704,T
1,1,443018879,T
1,1,931048384,T
1,6,980085258,F
1,3,023505543,T
1,3,823334466,T
1,6,945678946,F
1,6,296330629,F
1,4,575771715,F
1,5,386827211,F
1,0,927510370,F
1,6,437988203,F
1,0,798239606,F
1,6,644878820,F
1,2,047836804,T
1,5,414547073,F
1,2,585274502,T
1,2,521127050,T
1,3,908611904,T
1,6,999819947,F
1,2,855688682,T
1,1,587743498,T
1,1,193192433,T
1,3,354253576,T
1,2,471564369,T
1,6,164421347,F
1,4,548616474,F
1,6,152795819,F
1,4,960767035,F
1,3,939326785,T
1,4,584675890,F
1,1,549337897,T
1,3,446052794,T
1,6,080026735,F
1,3,050903949,T
1,6,116275740,F
1,3,945849166,T
1,1,370041224,T
1,3,067304271,T
1,4,770548250,F
1,3,748755366,T
1,6,032555971,F
1,1,893870527,T
1,4,723165857,F
1,6,397365829,F
1,1,720493182,T
1,1,754432364,T
1,2,653413581,T
1,1,471948105,T
1,3,340150441,T
1,4,485567188,F
1,3,261850465,T
1,2,884675515,T
1,0,599177634,F
1,2,609878588,T
1,2,661659735,T
1,6,647653616,F
1,2,009162977,T
1,5,133124683,F
1,1,995855074,T
1,2,773690588,T
1,2,686209499,T
1,1,660004537,T
1,6,134529693,F
1,5,090873009,F
1,4,691025460,F
1,1,594746845,T
1,2,481703080,T
1,5,880706500,F
1,5,513956959,F
1,3,222642620,T
1,2,360245487,T
1,4,692446346,F
1,6,809896470,F
1,4,573304970,F
1,2,223757544,T
1,6,734511155,F
1,3,570149432,T
1,0,326344180,F
1,2,277081682,T
1,1,384486891,T
1,4,164631245,F
1,3,444784075,T
1,6,302966736,F
1,3,274818577,T
1,6,788992927,F
1,0,551670380,F
1,3,779715775,T
1,0,620784320,F
1,6,785847374,F
1,6,315344110,F
1,6,048174683,F
1,4,129668541,F
1,4,671314129,F
1,6,076937429,F
1,5,014769736,F
1,3,694752178,T
1,2,663726688,T
1,2,480720920,T
1,1,152836686,T
1,3,483980976,T
1,1,233398606,T
1,1,649951857,T
1,2,427302847,T
1,6,089066728,F
1,2,787759738,T
1,4,204377276,F
1,6,149868035,F
1,1,188372248,T
1,4,743405670,F
1,6,035157502,F
1,6,786706526,F
1,1,978159705,T
1,3,425570911,T
1,1,371156592,T
1,1,510845379,T
1,1,626417871,T
1,3,495273719,T
1,0,805570539,F
1,1,437859766,T
1,4,043636638,F
1,6,819294953,F
1,3,888373497,T
1,6,057560613,F
1,2,671666178,T
1,6,716063431,F
1,6,042332602,F
1,3,471490250,T
1,1,875844592,T
1,1,034557736,T
1,1,135346784,T
1,2,282531807,T
1,3,130185261,T
1,6,397830691,F
1,2,860067489,T
1,0,353779900,F
1,2,073426810,T
1,3,905223981,T
1,3,756629274,T
1,2,870571002,T
1,1,067899880,T
1,2,341779853,T
1,2,143291896,T
1,1,529622056,T
1,3,690509876,T
1,1,772900375,T
1,1,274967648,T
1,1,528170445,T
1,6,436902858,F
1,4,599312426,F
1,6,914057756,F
1,3,950815470,T
1,6,081890976,F
1,3,596130093,T
1,6,588790849,F
1,1,893729092,T
1,4,448552298,F
1,3,692375883,T
1,4,048729138,F
1,4,182762030,F
1,1,062594544,T
1,3,768085913,T
1,1,788594292,T
1,4,699824859,F
1,3,188737379,T
1,2,009615627,T
1,0,768801264,F
1,6,382055868,F
1,2,647740008,T
1,3,197321417,T
1,6,906715732,F
1,3,043798028,T
1,6,355287474,F
1,6,564440747,F
1,6,344782749,F
1,2,849658557,T
1,4,459012138,F
1,5,407556678,F
1,2,393131163,T
1,4,209935840,F
1,2,927784691,T
1,3,872717358,T
1,2,572541789,T
1,6,858644849,F
1,1,729724193,T
1,2,306772932,T
1,6,234411280,F
1,2,501415316,T
1,2,116503783,T
1,6,147135830,F
1,4,491745488,F
1,1,436673365,T
1,0,340272579,F
1,2,482031398,T
1,4,560982454,F
1,4,753318856,F
1,6,045176743,F
1,6,007822537,F
1,6,764366465,F
1,2,794992330,T
1,5,880284611,F
1,5,968664027,F
1,1,839940433,T
1,5,145870784,F
1,4,875731371,F
1,4,575255009,F
1,3,410994346,T
1,2,703575433,T
1,2,119916803,T
1,6,514439051,F
1,2,466185125,T
1,3,489097354,T
1,1,857076093,T
1,3,305925503,T
1,6,538946444,F
1,6,188303771,F
1,3,941741253,T
1,3,107224311,T
1,3,256584804,T
1,6,408971120,F
1,6,196094747,F
1,6,371882252,F
1,6,946665773,F
1,6,453390332,F
1,2,557694808,T
1,6,159073547,F
1,3,104973755,T
1,3,512252491,T
1,3,613443796,T
1,6,107991211,F
1,2,757457705,T
1,3,150954522,T
1,1,891694977,T
1,3,497152377,T
1,2,793939212,T
1,4,788220383,F
2,0,531652940,T
2,5,250217981,F
2,5,877504403,F
2,5,407751540,F
2,2,688834354,T
2,1,370948520,F
2,0,161817866,T
2,3,908603812,T
2,5,981575338,F
2,0,222320634,T
2,5,394156521,F
2,3,494782471,T
2,2,976693469,T
2,0,353494900,T
2,4,188741355,T
2,3,777663353,T
2,3,655827537,T
2,1,919956182,F
2,3,489653035,T
2,2,152250401,T
2,2,154223633,T
2,5,127369653,F
2,5,854299741,F
2,2,168937302,T
2,2,866483743,T
2,0,703623644,T
2,5,356656763,F
2,0,799653275,T
2,4,165077980,T
2,3,582734487,T
2,2,386468222,T
2,5,736729949,F
2,5,070096977,F
2,5,583680109,F
2,0,535800130,T
2,0,056622267,T
2,2,684308535,T
2,5,536160932,F
2,3,003274561,T
2,5,115222822,F
2,5,607805247,F
2,3,272801239,T
2,3,300675232,T
2,5,654074706,F
2,5,773998265,F
2,2,609308326,T
2,0,854341058,T
2,1,277129607,F
2,0,648101431,T
2,4,293360444,T
2,0,719755888,T
2,4,084826985,T
2,3,253515335,T
2,1,481312861,F
2,2,034975223,T
2,2,048700176,T
2,3,965072780,T
2,5,277933950,F
2,2,974063305,T
2,1,392934668,F
2,2,277983321,T
2,0,544584143,T
2,0,608223311,T
2,0,747687006,T
2,0,434443906,T
2,5,995584491,F
2,0,576540775,T
2,5,294372995,F
2,0,754648414,T
2,0,028658477,T
2,0,922425914,T
2,2,037036798,T
2,5,990547648,F
2,3,438373084,T
2,4,791400066,T
2,4,430873449,T
2,5,451403866,F
2,2,930790772,T
2,0,706127159,T
2,4,128385658,T
2,2,109263189,T
2,0,529893479,T
2,2,910913778,T
2,4,111770847,T
2,2,407894504,T
2,0,220122966,T
2,0,736138592,T
2,5,490119706,F
2,5,432929152,F
2,0,271579830,T
2,0,792562934,T
2,3,318000532,T
2,2,099427504,T
2,5,378902795,F
2,5,737408581,F
2,4,105914491,T
2,5,364097729,F
2,2,301792536,T
2,4,392796829,T
2,5,636352611,F
2,0,193964287,T
2,5,956658307,F
2,5,940508682,F
2,0,368872688,T
2,2,410456516,T
2,5,465193348,F
2,4,011108244,T
2,2,519351988,T
2,2,946992722,T
2,2,458977278,T
2,5,255044206,F
2,0,000685104,T
2,3,690016463,T
2,4,996559567,T
2,5,170496017,F
2,0,438572511,T
2,4,443680861,T
2,4,589071022,T
2,5,232486682,F
2,0,626184318,T
2,2,791782467,T
2,2,917061987,T
2,5,473032657,F
2,4,649797103,T
2,0,443669555,T
2,2,029231033,T
2,4,219419252,T
2,5,272688971,F
2,2,477008697,T
2,5,065681493,F
2,5,200455664,F
2,0,836397880,T
2,1,174457549,F
2,1,535237836,F
2,4,573813120,T
2,4,378847790,T
2,3,735838307,T
2,1,884971441,F
2,0,976665675,T
2,5,176128457,F
2,0,262860951,T
2,5,415470846,F
2,0,882446108,T
2,2,992598442,T
2,4,092671776,T
2,0,117968901,T
2,1,602685981,F
2,2,351732508,T
2,4,095341102,T
2,5,729794618,F
2,0,685715872,T
2,0,176344172,T
2,0,438954183,T
2,0,563083948,T
2,2,446786985,T
2,5,238205820,F
2,3,249677652,T
2,5,763808831,F
2,5,929763237,F
2,0,324436636,T
2,5,092019745,F
2,4,778063666,T
2,2,722976592,T
2,2,669876221,T
2,2,092309391,T
2,4,016651214,T
2,2,446357715,T
2,0,107967894,T
2,0,691357284,T
2,1,282145884,F
2,2,671339367,T
2,2,379208547,T
2,0,290969980,T
2,2,073868212,T
2,4,362446163,T
2,0,544548025,T
2,5,461685751,F
2,0,310579275,T
2,5,588942060,F
2,4,590753112,T
2,5,087218632,F
2,2,720179127,T
2,3,453112192,T
2,3,241204510,T
2,2,818411197,T
2,0,203510445,T
2,0,340489353,T
2,4,737451534,T
2,2,347540008,T
2,1,242207320,F
2,0,978634703,T
2,2,167104881,T
2,4,734105556,T
2,0,123617793,T
2,0,960652712,T
2,2,310055478,T
2,5,943607921,F
2,4,921036235,T
2,5,137370945,F
2,3,741069015,T
2,0,825581087,T
2,2,525497073,T
2,0,838877705,T
2,2,716716072,T
2,1,178855267,F
2,0,782738497,T
2,4,588785544,T
2,5,741634259,F
2,5,114746914,F
2,0,158990677,T
2,3,231550429,T
2,3,740907685,T
2,4,510494973,T
2,5,228954252,F
2,5,391691257,F
2,2,861604021,T
2,1,358216272,F
2,0,466240403,T
2,2,680389287,T
2,3,774268979,T
2,2,090440321,T
2,5,212265674,F
2,2,478933697,T
2,3,131476933,T
2,2,473052273,T
2,3,170246629,T
2,0,029409769,T
2,3,709375658,T
2,5,687133921,F
2,5,890584843,F
2,5,110114310,F
2,0,726541999,T
2,4,671758893,T
2,0,717207074,T
2,2,536581714,T
2,2,301974878,T
2,0,482864439,T
2,2,218132773,T
2,5,985478314,F
2,2,063071985,T
2,4,296452167,T
2,5,984397143,F
2,3,157372278,T
2,5,848672089,F
2,2,561986362,T
2,5,442530646,F
2,2,780292008,T
2,2,830566802,T
2,0,721010202,T
2,5,963754986,F
2,4,502014157,T
2,0,405493160,T
2,2,853704857,T
2,5,988711644,F
2,5,024127039,F
2,0,992979005,T
2,5,548241648,F
2,2,479161457,T
2,2,416775128,T
2,3,009674558,T
2,4,784870929,T
2,5,741636873,F
2,2,751566995,T
2,5,804569943,F
2,5,493750491,F
2,0,243337982,T
2,4,770246220,T
2,4,715419461,T
2,0,090237459,T
2,0,678104074,T
2,4,339260182,T
2,4,865446312,T
2,4,823593814,T
2,4,419004603,T
2,2,772194216,T
2,0,821835286,T
2,0,336014249,T
2,2,677985615,T
2,5,773024917,F
2,3,995830049,T
2,0,282207828,T
2,5,004937450,F
2,0,296497570,T
2,2,313138832,T
2,5,841570156,F
2,4,097717309,T
2,5,310145137,F
2,3,493073977,T
2,3,856102866,T
2,4,261936529,T
2,2,368782435,T
2,2,427349588,T
2,4,332989369,T
2,5,453883925,F
2,3,506978519,T
2,0,098458120,T
2,0,592696712,T
2,5,300303052,F
2,0,806894261,T
2,1,666838967,F
2,5,145711210,F
2,4,306292042,T
2,5,933845484,F
2,5,544177673,F
2,5,443241563,F
2,5,434396409,F
2,5,455212937,F
2,0,578073165,T
2,4,139116855,T
2,1,061796653,F
2,5,084663194,F
2,3,847555909,T
2,3,661228684,T
2,3,788788712,T
2,0,341862617,T
2,4,295368973,T
2,2,031771813,T
2,4,211583897,T
2,3,183772960,T
2,4,800232067,T
2,4,232595602,T
2,5,330570948,F
2,4,332882806,T
2,3,294405268,T
2,5,347985532,F
2,4,751792104,T
2,0,291113986,T
2,0,473307646,T
2,2,810046650,T
2,4,816746920,T
2,3,305243296,T
2,5,142057959,F
2,4,158303627,T
2,0,142887072,T
2,5,962586463,F
2,5,628646871,F
2,4,474615361,T
2,0,696313640,T
2,3,944930243,T
2,4,825312534,T
2,2,574989470,T
2,3,833420227,T
2,1,530528062,F
2,4,396637572,T
2,3,541950030,T
2,5,618998278,F
2,2,627623273,T
2,3,260336302,T
2,0,416843199,T
2,3,223931977,T
2,0,253773183,T
2,2,714727284,T
2,3,035236234,T
2,3,219921747,T
2,2,008028304,T
2,0,941169616,T
2,0,142121305,T
2,2,020282516,T
2,5,482990256,F
2,3,596008886,T
2,2,161410648,T
2,2,349584565,T
2,5,675309535,F
2,5,240668143,F
2,3,698794196,T
2,2,741604902,T
2,3,207197379,T
2,0,901093999,T
2,0,799108836,T
2,5,358962046,F
2,4,880700998,T
2,0,893328078,T
2,2,365006831,T
2,0,712795660,T
2,3,483352869,T
2,3,824147137,T
2,2,008802024,T
2,4,127984619,T
2,2,560029466,T
2,3,895875341,T
2,3,165675847,T
2,5,614936695,F
2,2,576774709,T
2,2,281526811,T
2,2,909079763,T
2,3,129719486,T
2,0,888811196,T
2,4,188977999,T
2,5,286773893,F
2,4,477686053,T
2,1,495709200,F
2,0,395579773,T
2,5,210277868,F
2,4,803214721,T
2,0,232028496,T
2,0,301552154,T
2,3,313653533,T
2,0,853298898,T
2,0,103487912,T
2,5,229469156,F
2,0,206418751,T
2,0,446153258,T
2,2,481348118,T
2,1,450944457,F
2,2,543400226,T
2,0,649157564,T
2,3,620432218,T
2,0,466244895,T
2,0,311884335,T
2,2,874242339,T
2,0,842642139,T
2,5,255038082,F
2,0,607349291,T
2,5,175010697,F
2,2,363222386,T
2,5,079963102,F
2,2,927655028,T
2,2,195887454,T
2,5,205323117,F
2,0,686787766,T
2,2,735795098,T
2,5,044558634,F
2,0,748378367,T
2,4,177819619,T
2,2,409807192,T
2,4,266962865,T
2,4,631259483,T
2,4,058099403,T
2,4,409183001,T
2,0,963402592,T
2,5,392944725,F
2,1,090857364,F
2,2,341680886,T
2,2,414748980,T
2,0,521737144,T
2,0,765821654,T
2,2,995779590,T
2,0,549126045,T
2,4,146523345,T
2,4,655703878,T
2,5,597888848,F
2,4,345639514,T
2,0,736544782,T
2,1,193369599,F
2,2,947291364,T
2,4,504169077,T
2,5,070728853,F
2,4,722992171,T
2,2,691038545,T
2,3,435622295,T
2,0,770158053,T
2,0,213095381,T
2,2,251490901,T
2,0,143585598,T
2,3,240421096,T
2,2,668207782,T
2,3,590759724,T
2,4,415891568,T
2,4,545108546,T
2,5,125524066,F
2,2,777537294,T
2,5,784528094,F
2,1,830932746,F
2,2,228064911,T
2,5,818408199,F
2,0,170883594,T
2,1,584901144,F
2,5,687491314,F
2,5,210363086,F
2,5,303742636,F
2,3,068312905,T
2,1,559004768,F
2,5,587338698,F
2,5,576952238,F
2,5,764042271,F
2,0,646833122,T
2,0,879576641,T
2,0,465485238,T
2,0,828618840,T
2,0,407491799,T
2,4,592207476,T
2,4,411017585,T
2,4,364901616,T
2,3,262332961,T
2,5,530017286,F
2,2,395926000,T
2,0,539380798,T
2,2,258071392,T
2,4,718333220,T
2,5,317261015,F
2,5,088627959,F
2,5,326556345,F
2,5,108394292,F
2,2,511892079,T
2,4,591814696,T
2,2,948845085,T
2,0,206000005,T
2,5,435535704,F
2,3,978376983,T
2,5,350999365,F
2,3,556186517,T
2,0,986014827,T
2,4,255407074,T
2,1,114574219,F
2,5,552751985,F
2,5,074644772,F
2,5,136713361,F
2,5,476801162,F
2,5,677281351,F
2,4,452444758,T
2,1,598529892,F
2,5,143455663,F
2,2,075067867,T
2,5,314757587,F
2,5,792481904,F
2,5,693516736,F
2,0,760924561,T
2,0,131252437,T
2,0,425558341,T
2,0,713047672,T
2,5,710725399,F
2,0,058119384,T
2,5,122069976,F
2,0,470909364,T
2,5,624615332,F
2,0,596568928,T
2,2,356467421,T
2,2,866516048,T
2,5,019515054,F
2,4,260373183,T
2,5,450879474,F
2,2,742700633,T
2,5,783428834,F
2,5,655591581,F
2,2,706970764,T
2,0,326052416,T
2,0,508163315,T
2,5,581613355,F
2,1,353070627,F
2,1,705787202,F
2,1,720334908,F
2,0,085570596,T
2,1,448538587,F
2,5,400607533,F
2,0,079481629,T
2,3,369883404,T
2,1,513498324,F
2,2,264083189,T
2,2,261728206,T
2,5,415975246,F
2,5,162727097,F
2,0,413962249,T
2,4,301219331,T
2,4,458126969,T
2,3,476150602,T
2,5,384796490,F
2,5,195295344,F
2,2,149202111,T
2,5,218702843,F
2,2,934341710,T
2,3,746065642,T
2,2,259628811,T
2,0,376050379,T
2,0,331840364,T
2,2,174876572,T
2,3,357302483,T
2,0,194923566,T
2,2,716858070,T
2,4,575513099,T
2,5,991653838,F
2,0,283194223,T
2,2,311528985,T
2,4,612153726,T
2,2,924475439,T
2,4,808181844,T
2,3,815770001,T
2,0,957187746,T
2,5,665584328,F
2,5,525134204,F
2,4,590088232,T
2,5,876994112,F
2,4,049272042,T
2,0,094347185,T
2,3,399304668,T
2,5,209507511,F
2,0,388645192,T
2,0,549570827,T
2,2,547306722,T
2,2,614685908,T
2,0,082509104,T
2,0,909334113,T
2,0,394539393,T
2,5,972803829,F
2,5,623397277,F
2,2,316925383,T
2,4,549225177,T
2,4,996907462,T
2,5,460701489,F
2,2,851228062,T
2,0,471014412,T
2,5,235546830,F
2,5,347658963,F
2,5,834451659,F
2,0,665675697,T
2,2,751168312,T
2,2,003273201,T
2,4,804844981,T
2,0,443482715,T
2,0,932758253,T
2,5,048750999,F
2,0,216828461,T
2,1,959468502,F
2,3,507979106,T
2,0,248635357,T
2,3,204571233,T
2,4,914303500,T
2,5,114733089,F
2,5,406637548,F
2,4,730865320,T
2,5,411817257,F
2,2,299465845,T
2,4,766507547,T
2,4,509653990,T
2,0,146745782,T
2,4,631322632,T
2,2,038337365,T
2,0,896856028,T
2,0,142889619,T
2,4,955246204,T
2,4,267756769,T
2,2,686421298,T
2,0,022002591,T
2,2,159379350,T
2,3,219257311,T
2,5,073635666,F
2,2,992466639,T
2,2,243455363,T
2,2,706996251,T
2,0,979839343,T
2,0,334909911,T
2,0,432322650,T
2,3,972071904,T
2,2,076770093,T
2,2,285451141,T
2,2,201603831,T
2,4,935562565,T
2,3,386537095,T
2,2,698673820,T
2,4,058177902,T
2,5,254247460,F
2,5,675138112,F
2,0,758353361,T
2,0,249703931,T
2,4,808010933,T
2,2,513403330,T
2,2,412183379,T
2,2,800946275,T
2,2,936667143,T
2,0,027063002,T
2,0,024984555,T
2,2,070596933,T
2,5,027431417,F
2,2,740759770,T
2,0,006767331,T
2,3,978965460,T
2,5,273512718,F
2,5,133907227,F
2,3,793203715,T
2,3,402326234,T
2,0,240067787,T
2,5,713158481,F
2,3,206865392,T
2,5,616945085,F
2,5,805529359,F
2,3,979096173,T
2,0,900960805,T
2,0,386463910,T
2,0,373388516,T
2,0,485209888,T
2,5,010824074,F
2,5,545745515,F
2,1,081826753,F
2,5,101567326,F
2,5,103410464,F
2,5,344981308,F
2,2,398573347,T
2,3,544708353,T
2,0,648220747,T
2,5,843966720,F
2,0,408248582,T
2,5,520327601,F
2,2,988580553,T
2,5,103517121,F
2,2,649710258,T
2,4,252406319,T
2,5,140506235,F
2,0,664558951,T
2,2,939307585,T
2,2,210688873,T
2,2,103560712,T
2,5,059718772,F
2,5,075587295,F
2,2,246170405,T
2,4,087656559,T
2,1,374222941,F
2,1,892584289,F
2,0,171224187,T
2,2,392320269,T
2,1,270203617,F
2,2,052409941,T
2,4,460326191,T
2,4,227532178,T
2,4,632746491,T
2,2,230305881,T
2,0,188395627,T
2,4,629860427,T
2,3,195094508,T
2,0,923632739,T
2,0,351594081,T
2,0,481616412,T
2,5,019539044,F
2,0,621265144,T
2,5,049639337,F
2,0,559976379,T
2,2,554533611,T
2,5,404118547,F
2,5,682968508,F
2,0,819123179,T
2,0,310120150,T
2,5,523174576,F
2,1,271869393,F
2,2,749547775,T
2,4,448631971,T
2,3,290482808,T
2,5,612889505,F
2,4,740157382,T
2,0,844863995,T
2,0,181253554,T
2,0,398884773,T
2,5,069509829,F
2,2,049912883,T
2,0,424094645,T
2,4,240713793,T
2,2,188444231,T
2,4,461028141,T
2,1,299270085,F
2,1,210348017,F
2,0,678250845,T
2,2,417645509,T
2,5,589359802,F
2,5,755504192,F
2,5,437367676,F
2,0,385793876,T
2,0,872846108,T
2,2,831286332,T
2,4,581285947,T
2,4,738735460,T
2,0,968613608,T
2,1,024537249,F
2,0,278212348,T
2,3,165360319,T
2,5,512234029,F
2,5,061524347,F
2,2,639942074,T
2,1,478915010,F
2,2,578435522,T
2,5,466975876,F
2,3,620301635,T
2,1,947340191,F
2,2,552621639,T
2,5,699002200,F
2,1,314460344,F
2,3,537438458,T
2,0,451873243,T
2,2,384338485,T
2,0,818712758,T
2,2,537468471,T
2,4,740026731,T
2,5,628687908,F
2,0,138078954,T
2,4,221241509,T
2,4,269108439,T
2,2,372856905,T
2,3,991567923,T
2,2,146640020,T
2,1,980405808,F
2,5,123523825,F
2,5,778929576,F
2,0,326332732,T
2,5,032192666,F
2,3,971473627,T
2,3,428266286,T
2,0,734173988,T
2,4,468488838,T
2,0,870794454,T
2,5,031938619,F
2,3,695684621,T
2,0,069606115,T
2,5,221103586,F
2,5,449870366,F
2,0,267365244,T
2,5,273192337,F
2,4,853412868,T
2,5,647108381,F
2,2,967298375,T
2,5,886122367,F
2,5,874527170,F
2,5,718475611,F
2,3,315313632,T
2,5,772098146,F
2,5,297141680,F
2,5,679241161,F
2,2,740778924,T
2,1,849612161,F
2,0,869514477,T
2,3,986337900,T
2,3,992381027,T
2,5,889161775,F
2,0,599709636,T
2,0,230316091,T
2,3,355811909,T
2,2,913398367,T
2,4,850267847,T
2,5,325107308,F
2,2,604209146,T
2,2,603049247,T
2,5,269349823,F
2,5,104676433,F
2,2,575749970,T
2,0,090826688,T
2,2,485818132,T
2,3,575510931,T
2,0,738620039,T
2,1,176124543,F
2,0,604580648,T
2,0,135471421,T
2,0,150625475,T
2,4,687339435,T
2,0,326183875,T
2,2,302778800,T
2,5,629781053,F
2,1,976709286,F
2,5,276303649,F
2,2,250168926,T
2,5,883080750,F
2,4,128021077,T
2,5,893553054,F
2,2,328966052,T
2,5,684783561,F
2,4,643761697,T
2,4,530501324,T
2,2,136532052,T
2,2,070371239,T
2,4,782091883,T
2,5,750130518,F
2,2,906603861,T
2,5,780790963,F
2,2,585189126,T
2,2,431883718,T
2,5,612582737,F
2,5,934981293,F
2,4,136434893,T
2,1,593261036,F
2,4,420183251,T
2,3,951921115,T
2,4,643762091,T
2,4,349252932,T
2,5,838263048,F
2,0,762408937,T
2,2,832200826,T
2,0,066279437,T
2,4,773643257,T
2,5,896370942,F
2,0,143358022,T
2,4,134182027,T
2,0,437963977,T
2,2,066248182,T
2,0,566362666,T
2,0,400227169,T
2,4,980338247,T
2,4,888923055,T
2,2,196972386,T
2,0,022171812,T
2,5,234221710,F
2,5,170249874,F
2,4,518882914,T
2,0,858726392,T
2,5,574255296,F
2,4,473175439,T
2,5,117196262,F
2,0,631208759,T
2,3,092353815,T
2,3,156719729,T
2,2,751219254,T
2,4,974352197,T
2,3,744203394,T
2,5,006799960,F
2,5,013147922,F
2,2,618151471,T
2,0,278943128,T
2,4,134769556,T
2,2,544041724,T
2,5,609926672,F
2,0,169422949,T
2,2,906506803,T
2,0,507471267,T
2,2,241103714,T
2,3,946502861,T
2,5,493884668,F
2,4,410036643,T
2,4,350422014,T
2,5,401888490,F
2,3,639991946,T
2,0,768926240,T
2,4,440790977,T
2,2,902791366,T
2,3,809872002,T
2,0,497509969,T
2,0,980567672,T
2,2,973920483,T
2,4,999509398,T
2,0,252795267,T
2,0,517169141,T
2,3,986168792,T
2,0,482368481,T
2,0,752648887,T
2,3,448197845,T
2,0,792684902,T
2,3,713257449,T
2,5,046304956,F
2,5,961176334,F
2,4,170052418,T
2,2,331405342,T
2,4,972511563,T
2,2,105631750,T
2,5,672813848,F
2,2,100405024,T
2,0,312179451,T
2,5,151151820,F
2,4,710988988,T
2,2,410853981,T
2,3,388912117,T
2,0,197331088,T
2,5,074482131,F
2,5,245988562,F
2,2,591425965,T
2,5,502232804,F
2,0,448056639,T
2,5,082075273,F
2,5,211483108,F
2,3,324266010,T
2,1,007436440,F
2,5,755475837,F
2,5,059351023,F
2,0,811243455,T
2,4,766960041,T
2,5,531737016,F
2,2,155227568,T
2,5,690755473,F
2,0,383195063,T
2,2,251752260,T
2,0,902989948,T
2,2,785634005,T
2,0,911436610,T
2,4,612740780,T
2,3,226324170,T
2,0,932790641,T
2,5,475608990,F
2,4,321360445,T
2,2,686694087,T
2,4,364700214,T
2,2,598417014,T
2,0,981221758,T
2,4,126760670,T
2,2,706553061,T
2,5,422202211,F
2,5,459308068,F
2,0,450235566,T
2,4,677693465,T
2,5,481912394,F
2,5,952439312,F
2,5,296502184,F
2,4,635652754,T
2,0,772466580,T
2,0,818980726,T
2,3,375716953,T
2,3,752411112,T
2,5,619899048,F
2,3,326972555,T
2,0,126062751,T
2,5,586492321,F
2,4,453743826,T
2,5,583407687,F
2,2,986315016,T
2,2,799354277,T
2,0,087894437,T
2,0,583738832,T
2,5,287809922,F
2,1,120737138,F
2,2,161753986,T
2,0,621304258,T
2,3,496070038,T
2,0,326017051,T
2,1,535681384,F
2,0,373503442,T
2,1,700570855,F
2,4,289015345,T
2,5,414495569,F
2,4,168496941,T
2,0,189226306,T
2,4,906221995,T
2,0,956301719,T
2,0,660435440,T
2,4,963306534,T
2,4,226636188,T
2,0,942123136,T
2,0,089839636,T
2,0,331889542,T
2,0,677488726,T
2,2,791351977,T
2,0,435668607,T
2,0,972062921,T
2,5,266737195,F
2,3,810473568,T
2,4,607324972,T
2,2,105963019,T
2,0,794805873,T
2,3,735133266,T
2,1,198582781,F
2,3,055276180,T
2,3,255046884,T
2,3,349323997,T
2,2,895009166,T
2,3,135430460,T
2,3,197148384,T
2,0,434926845,T
2,5,147168083,F
2,0,916737393,T
2,4,137261007,T
2,2,982623720,T
2,3,651472333,T
2,0,530494430,T
2,4,351172312,T
2,3,388626919,T
2,4,248426603,T
2,5,095575647,F
2,1,635964715,F
2,4,481507562,T
2,5,313387803,F
2,4,537307125,T
2,4,878429425,T
2,5,818441646,F
2,4,424288263,T
2,5,565892179,F
2,4,033371446,T
2,2,134374230,T
2,0,338455087,T
2,2,391306748,T
2,5,747321182,F
2,5,683788637,F
2,5,052260734,F
2,4,052860548,T
2,4,757344080,T
2,2,527081201,T
2,1,068626081,F
2,2,430057199,T
2,0,103417786,T
2,4,494873979,T
2,5,152071605,F
2,0,967548706,T
2,2,472569092,T
2,2,614227413,T
2,5,179989617,F
2,4,506336438,T
2,2,042354334,T
2,5,046049218,F
2,5,665638492,F
2,5,008124973,F
2,1,414992412,F
2,0,904721064,T
2,5,467902819,F
2,5,403343472,F
2,5,755677974,F
2,5,776449346,F
2,4,617561313,T
2,2,341116337,T
2,5,017002582,F
2,4,952486085,T
2,2,639453454,T
2,1,658999988,F
2,5,673004916,F
2,2,048894851,T
2,2,779989404,T
2,3,749375077,T
2,5,305750792,F
2,2,058590317,T
2,3,122370697,T
2,0,028684621,T
2,0,667689970,T
2,2,935624437,T
3,1,472193270,F
3,1,032463951,F
3,5,231848587,T
3,5,903521909,T
3,5,412927985,T
3,5,224201836,T
3,1,157850466,F
3,6,853108823,T
3,5,802691634,T
3,1,426749473,F
3,6,018666434,T
3,1,148444643,F
3,3,500623528,T
3,1,601844232,F
3,0,438821964,F
3,1,832667338,F
3,5,117288486,T
3,6,064668122,T
3,1,235347172,F
3,6,251290355,T
3,6,596530181,T
3,5,453911258,T
3,3,478054396,T
3,1,303870385,F
3,6,681177807,T
3,5,814657077,T
3,1,029300129,F
3,1,840408634,F
3,3,243889682,T
3,1,961773224,F
3,6,865481340,T
3,1,741994710,F
3,1,447892422,F
3,5,731307869,T
3,5,342660252,T
3,1,982633388,F
3,0,193099331,F
3,1,812929083,F
3,6,719426604,T
3,1,031383831,F
3,6,909365467,T
3,1,626858389,F
3,0,191682300,F
3,3,342874191,T
3,6,805373858,T
3,1,713698355,F
3,0,916413599,F
3,0,370439757,F
3,5,952317894,T
3,6,490753887,T
3,5,410001298,T
3,6,492091356,T
3,5,451589121,T
3,3,709789937,T
3,6,238202969,T
3,6,982339612,T
3,1,444442635,F
3,6,823762425,T
3,1,396336856,F
3,6,901280042,T
3,1,128749495,F
3,1,009878834,F
3,6,916878671,T
3,6,635084776,T
3,5,621763412,T
3,0,783999176,F
3,3,066980369,T
3,6,684634300,T
3,6,978047966,T
3,1,087529494,F
3,3,439392846,T
3,6,953588089,T
3,5,207698684,T
3,3,397978837,T
3,0,813467108,F
3,3,156079193,T
3,1,122402737,F
3,5,205355890,T
3,3,260281118,T
3,6,749216940,T
3,6,341681618,T
3,3,641685715,T
3,5,387982696,T
3,1,759348301,F
3,6,501471511,T
3,1,547063760,F
3,1,804141339,F
3,1,218166692,F
3,5,820904976,T
3,3,171777596,T
3,5,823288448,T
3,1,001375579,F
3,3,706084766,T
3,5,010959273,T
3,5,809383659,T
3,1,751712382,F
3,6,060618022,T
3,1,020601948,F
3,6,814549941,T
3,6,913195552,T
3,1,280436296,F
3,3,412580532,T
3,5,246857808,T
3,1,968553413,F
3,6,107893134,T
3,5,331846875,T
3,3,731396318,T
3,0,154058945,F
3,6,380114085,T
3,6,152415376,T
3,1,537107156,F
3,1,958785329,F
3,5,597623922,T
3,3,637148757,T
3,3,892657417,T
3,3,588864504,T
3,3,960439514,T
3,6,851118980,T
3,1,999013927,F
3,3,883165188,T
3,1,748448758,F
3,6,497312959,T
3,1,941770164,F
3,1,683760787,F
3,3,002785874,T
3,1,876051751,F
3,6,845655364,T
3,5,950775262,T
3,5,863929708,T
3,6,397897242,T
3,6,751941866,T
3,0,173403683,F
3,0,616808830,F
3,6,159125479,T
3,3,344319112,T
3,1,898846110,F
3,5,966689884,T
3,1,442111218,F
3,2,871711881,F
3,1,120635830,F
3,1,984436226,F
3,3,988216192,T
3,1,386040125,F
3,6,592202376,T
3,2,980337230,F
3,1,448231886,F
3,3,730154072,T
3,0,937634404,F
3,3,624332876,T
3,5,267173704,T
3,3,587234420,T
3,1,450696921,F
3,1,487394785,F
3,2,894963815,F
3,5,529416632,T
3,0,684465816,F
3,3,076091914,T
3,5,296359323,T
3,6,001179819,T
3,3,960162457,T
3,1,983638680,F
3,3,921723068,T
3,3,099332055,T
3,0,923684999,F
3,1,534797656,F
3,3,746017199,T
3,5,500016795,T
3,1,185173091,F
3,6,640549160,T
3,6,320787290,T
3,1,277389235,F
3,1,461148428,F
3,1,690041562,F
3,3,771876847,T
3,6,727179621,T
3,6,799392765,T
3,3,891301428,T
3,6,164972577,T
3,6,238703443,T
3,6,179271241,T
3,5,495145783,T
3,0,311781523,F
3,6,905989034,T
3,3,472256876,T
3,3,448001644,T
3,6,097407647,T
3,1,459978345,F
3,5,493987035,T
3,3,344384333,T
3,5,787528078,T
3,1,415162311,F
3,5,373334970,T
3,0,585249440,F
3,5,451381292,T
3,6,884855217,T
3,1,549164774,F
3,6,387391278,T
3,3,840785043,T
3,1,216048748,F
3,3,715258415,T
3,3,677637034,T
3,3,380214063,T
3,1,125250207,F
3,6,769733936,T
3,6,505288512,T
3,5,195035726,T
3,3,208198211,T
3,3,976283348,T
3,6,877222959,T
3,5,620994437,T
3,5,653003391,T
3,1,592414775,F
3,6,908406911,T
3,1,200335691,F
3,1,851717921,F
3,1,223942680,F
3,1,084051373,F
3,6,453176906,T
3,1,897463282,F
3,0,675689155,F
3,6,188359903,T
3,6,963286901,T
3,3,495154349,T
3,5,796928933,T
3,1,771603910,F
3,0,641885923,F
3,3,947428477,T
3,6,124392411,T
3,1,998252752,F
3,5,071958331,T
3,1,854941431,F
3,1,399480421,F
3,3,424008978,T
3,6,349093667,T
3,3,948220111,T
3,3,468915778,T
3,6,818967733,T
3,1,776553993,F
3,5,331908191,T
3,3,496974739,T
3,3,049473926,T
3,3,799199420,T
3,1,282481211,F
3,6,911041215,T
3,6,836774829,T
3,5,415191167,T
3,0,081818043,F
3,1,745251420,F
3,1,405120377,F
3,3,569774733,T
3,1,071816191,F
3,3,336034518,T
3,3,512583016,T
3,1,092740298,F
3,0,964063163,F
3,5,812374485,T
3,5,499049019,T
3,3,354286242,T
3,6,498598682,T
3,6,473177722,T
3,1,237732172,F
3,3,391347058,T
3,1,110101959,F
3,0,714984926,F
3,1,112973822,F
3,5,505522310,T
3,3,261179600,T
3,3,812141931,T
3,5,137976750,T
3,1,230538552,F
3,3,023438949,T
3,0,087742763,F
3,0,202263481,F
3,6,209263138,T
3,6,731850803,T
3,1,648785843,F
3,5,445415847,T
3,6,569393094,T
3,5,832091166,T
3,1,589893380,F
3,3,001849323,T
3,5,123000260,T
3,3,500895349,T
3,3,900812938,T
3,5,471946610,T
3,5,577780824,T
3,6,584160691,T
3,3,913265147,T
3,0,574524723,F
3,0,385368396,F
3,3,946391868,T
3,0,760957918,F
3,6,465758999,T
3,6,003064106,T
3,3,569705215,T
3,3,182462066,T
3,1,185210737,F
3,1,118574600,F
3,1,743095293,F
3,0,330020985,F
3,6,645221389,T
3,1,179036455,F
3,6,724694247,T
3,6,746800924,T
3,0,532369794,F
3,6,556398867,T
3,3,757237379,T
3,3,548392510,T
3,6,094043467,T
3,3,527561876,T
3,3,519573228,T
3,6,112587085,T
3,3,813966948,T
3,0,768852226,F
3,6,606740160,T
3,6,312200524,T
3,1,247045877,F
3,1,701935075,F
3,1,713272830,F
3,5,467233180,T
3,5,604716397,T
3,5,783784953,T
3,6,631195998,T
3,6,501422916,T
3,0,437575386,F
3,0,011594971,F
3,3,924341085,T
3,0,681713987,F
3,3,923479268,T
3,5,006445683,T
3,5,220064184,T
3,6,011119648,T
3,3,020761451,T
3,3,085508043,T
3,1,006613369,F
3,1,236913240,F
3,1,615126078,F
3,3,290807437,T
3,5,543742158,T
3,3,238929345,T
3,1,907392523,F
3,1,284382253,F
3,5,749368080,T
3,1,430378293,F
3,6,167530652,T
3,3,891598054,T
3,1,269596904,F
3,5,586535216,T
3,1,407180476,F
3,5,578728420,T
3,6,852850070,T
3,5,034901443,T
3,6,848618486,T
3,3,604143120,T
3,0,598161676,F
3,1,040997611,F
3,1,855227049,F
3,5,264049549,T
3,3,766163331,T
3,5,148038735,T
3,5,391927338,T
3,1,645876074,F
3,5,696468713,T
3,0,796927236,F
3,0,523635454,F
3,5,267144117,T
3,5,427470138,T
3,3,835977128,T
3,3,440400995,T
3,5,467994641,T
3,0,377599576,F
3,6,982606824,T
3,1,720337927,F
3,1,392412422,F
3,5,780409654,T
3,3,949557601,T
3,3,413117530,T
3,5,750487684,T
3,5,321022723,T
3,3,888941731,T
3,1,340151871,F
3,1,212316545,F
3,3,007318334,T
3,1,375779480,F
3,1,945690293,F
3,3,932891652,T
3,3,956682609,T
3,6,386052616,T
3,3,273748928,T
3,3,319201788,T
3,5,088647773,T
3,5,206554219,T
3,3,203745415,T
3,3,809953598,T
3,6,344916979,T
3,6,545717198,T
3,6,482720356,T
3,1,611675985,F
3,1,818904221,F
3,3,243107963,T
3,3,449183653,T
3,6,974127341,T
3,1,598607705,F
3,6,147785589,T
3,0,811362916,F
3,0,411452625,F
3,6,428110952,T
3,5,610879031,T
3,1,721316002,F
3,3,676517499,T
3,1,502533943,F
3,3,895726025,T
3,6,461535004,T
3,1,633463948,F
3,3,128171823,T
3,1,830037936,F
3,5,062780188,T
3,1,199979569,F
3,6,963399396,T
3,5,054506770,T
3,6,178197629,T
3,6,403372394,T
3,6,780561176,T
3,1,205228374,F
3,5,508113781,T
3,1,665098226,F
3,5,318211649,T
3,1,321219036,F
3,5,964176232,T
3,5,386040449,T
3,6,680717130,T
3,6,720142044,T
3,1,233019673,F
3,3,308361668,T
3,3,407527113,T
3,0,454979767,F
3,6,715240668,T
3,5,235366064,T
3,3,348920261,T
3,3,273314910,T
3,0,193440228,F
3,0,783861143,F
3,0,941597276,F
3,0,367129875,F
3,5,499078781,T
3,1,084771545,F
3,1,000589122,F
3,3,959154727,T
3,6,592760091,T
3,3,158695149,T
3,1,016437041,F
3,1,515940011,F
3,5,525092226,T
3,3,482343814,T
3,1,666147898,F
3,5,351819884,T
3,5,334508905,T
3,3,260436140,T
3,3,857636863,T
3,3,367527454,T
3,6,918727434,T
3,5,431291849,T
3,1,252675755,F
3,1,084847107,F
3,5,778691996,T
3,5,963933757,T
3,5,661069640,T
3,3,624463467,T
3,3,974441910,T
3,1,792888240,F
3,5,903036392,T
3,0,737033589,F
3,6,090884009,T
3,5,553748002,T
3,1,455434993,F
3,1,079456155,F
3,5,965346002,T
3,2,757518871,F
3,3,047876195,T
3,0,738008320,F
3,6,758654828,T
3,3,487322369,T
3,1,862271276,F
3,1,446594353,F
3,3,737964410,T
3,1,476904992,F
3,6,467629228,T
3,1,181158044,F
3,0,832943039,F
3,6,587452352,T
3,5,866210679,T
3,0,507513823,F
3,0,918356678,F
3,6,338894581,T
3,6,733751937,T
3,3,274759389,T
3,3,562363676,T
3,3,701389618,T
3,5,924931525,T
3,0,661146279,F
3,6,666120215,T
3,1,386021169,F
3,1,558565921,F
3,6,845857655,T
3,3,429868601,T
3,3,593926380,T
3,5,004773692,T
3,6,497781222,T
3,3,417345940,T
3,5,710654112,T
3,5,300136169,T
3,5,754247018,T
3,1,801198017,F
3,3,903533095,T
3,6,324607369,T
3,5,778948671,T
3,1,083737552,F
3,6,326868291,T
3,3,702123499,T
3,1,630324571,F
3,6,804477664,T
3,3,797705197,T
3,5,658027451,T
3,0,619008429,F
3,3,978380053,T
3,6,963495488,T
3,6,011847128,T
3,1,372762133,F
3,3,407952122,T
3,1,563098454,F
3,3,956414264,T
3,1,413649056,F
3,3,111855484,T
3,5,013676416,T
3,3,796383424,T
3,5,298847907,T
3,3,457810407,T
3,5,909133674,T
3,0,602953111,F
3,1,637012770,F
3,3,600062888,T
3,5,286323687,T
3,3,738896951,T
3,6,916829072,T
3,1,090816697,F
3,1,432845398,F
3,0,486625627,F
3,6,371274396,T
3,5,558057602,T
3,3,767814531,T
3,0,549158414,F
3,6,897616981,T
3,1,064423466,F
3,5,800654072,T
3,3,061326262,T
3,1,750298889,F
3,1,317752739,F
3,1,301978340,F
3,1,677844591,F
3,5,331874482,T
3,6,870263342,T
3,6,186041453,T
3,3,346555482,T
3,6,704565138,T
3,3,327693287,T
3,6,084555984,T
3,5,536403734,T
3,5,142025211,T
3,6,135971329,T
3,6,767957887,T
3,1,374814652,F
3,1,245858802,F
3,5,383673429,T
3,1,120661087,F
3,3,169855739,T
3,6,064859722,T
3,5,070325947,T
3,0,119191377,F
3,6,819609861,T
3,3,655201529,T
3,6,876723045,T
3,6,603851041,T
3,3,089258794,T
3,6,120645485,T
3,1,894836086,F
3,3,591374507,T
3,1,474433502,F
3,0,089746240,F
3,3,437447985,T
3,6,867964827,T
3,6,981327908,T
3,3,480192452,T
3,6,880396016,T
3,3,945446113,T
3,1,117204565,F
3,1,995353151,F
3,5,642110680,T
3,6,502667683,T
3,1,093846165,F
3,6,464009985,T
3,3,482248701,T
3,6,703343893,T
3,0,409180184,F
3,6,196254662,T
3,1,912477024,F
3,1,480639101,F
3,6,283806509,T
3,1,460100098,F
3,6,333977283,T
3,3,184924895,T
3,1,928041706,F
3,1,492943725,F
3,3,045291184,T
3,3,232097152,T
3,3,273697149,T
3,6,507678296,T
3,1,655094504,F
3,5,489305813,T
3,6,365267196,T
3,1,528344980,F
3,5,362299677,T
3,6,128106998,T
3,5,500806774,T
3,1,871556612,F
3,3,884161528,T
3,5,168587501,T
3,1,566353394,F
3,3,540546193,T
3,3,609121351,T
3,5,252804459,T
3,6,227933182,T
3,1,949003177,F
3,5,635362784,T
3,5,193874381,T
3,3,817205303,T
3,1,932849231,F
3,6,651275507,T
3,0,840330850,F
3,6,067605730,T
3,5,388666391,T
3,3,151434418,T
3,5,988160530,T
3,5,455042497,T
3,1,990213126,F
3,2,033592241,F
3,6,992459949,T
3,5,598368225,T
3,2,437496975,F
3,3,678363418,T
3,3,706318500,T
3,3,736528418,T
3,5,196085479,T
3,5,339159811,T
3,3,017584236,T
3,3,861012764,T
3,5,083477531,T
3,1,019822502,F
3,3,396124080,T
3,1,242238146,F
3,5,780015275,T
3,1,097459647,F
3,3,614650149,T
3,1,506610285,F
3,1,796783431,F
3,5,948011853,T
3,3,529858746,T
3,1,369761786,F
3,3,828281456,T
3,5,916763943,T
3,0,897579222,F
3,5,675556885,T
3,1,350569904,F
3,1,444630817,F
3,5,917731568,T
3,1,794709312,F
3,6,490556387,T
3,5,972770980,T
3,1,012954206,F
3,0,263454496,F
3,6,392993617,T
3,5,603260045,T
3,1,483316754,F
3,1,801543708,F
3,6,657521981,T
3,0,756053833,F
3,0,451765783,F
3,1,745772035,F
3,3,686868952,T
3,6,776998222,T
3,5,594400360,T
3,3,629811772,T
3,3,897581427,T
3,5,791052627,T
3,3,773021551,T
3,1,210187797,F
3,6,662052093,T
3,1,589479767,F
3,6,171854484,T
3,3,588917943,T
3,6,875161165,T
3,3,998032492,T
3,1,176205574,F
3,1,823770852,F
3,1,858768894,F
3,0,698223441,F
3,1,191531844,F
3,1,020371849,F
3,1,492424511,F
3,5,450715707,T
3,6,598179854,T
3,3,534561096,T
3,0,890116296,F
3,1,396100298,F
3,6,614660091,T
3,6,630496202,T
3,1,686398569,F
3,0,685206613,F
3,1,211882060,F
3,1,753129185,F
3,5,177792564,T
3,6,166303014,T
3,5,275046916,T
3,0,086740947,F
3,5,600350460,T
3,1,206539227,F
3,6,431454146,T
3,5,576011074,T
3,1,346033252,F
3,2,060894320,F
3,5,486114328,T
3,1,243540416,F
3,0,026045928,F
3,5,330959535,T
3,0,720414246,F
3,0,765518855,F
3,1,909702008,F
3,0,435998049,F
3,5,484064171,T
3,6,308143398,T
3,3,612051767,T
3,1,081417725,F
3,1,605297556,F
3,1,009558096,F
3,6,923027237,T
3,3,940748801,T
3,0,742206605,F
3,1,636557552,F
3,6,004097876,T
3,2,172441333,F
3,6,114248479,T
3,0,288023133,F
3,5,436425318,T
3,6,226848322,T
3,1,716636039,F
3,3,296118598,T
3,3,908901872,T
3,0,711369005,F
3,5,386673265,T
3,1,173864354,F
3,3,816259544,T
3,5,459110397,T
3,3,055449159,T
3,6,403314126,T
3,1,622767819,F
3,6,480993115,T
3,0,071794053,F
3,3,449437675,T
3,5,634857255,T
3,3,330380555,T
3,3,159732983,T
3,5,520107687,T
3,5,336481595,T
3,5,831915956,T
3,0,570851925,F
3,1,299528608,F
3,0,005849896,F
3,3,465666540,T
3,6,168735612,T
3,5,780031176,T
3,1,510487804,F
3,6,674407714,T
3,0,277602765,F
3,3,648968876,T
3,1,008246120,F
3,1,756791249,F
3,3,206451548,T
3,0,706995896,F
3,0,578317457,F
3,3,501648266,T
3,3,342259324,T
3,0,774589078,F
3,1,536083227,F
3,3,692247565,T
3,5,598146052,T
3,0,827624236,F
3,6,395576168,T
3,3,564925827,T
3,3,605335194,T
3,6,102756631,T
3,3,075385786,T
3,1,580311836,F
3,6,822419560,T
3,1,556312811,F
3,1,082477422,F
3,6,896278508,T
3,1,788058483,F
3,3,646940846,T
3,3,212636036,T
3,1,529454151,F
3,6,747146299,T
3,6,469329116,T
3,5,345869615,T
3,3,973819196,T
3,3,421375293,T
3,6,651091440,T
3,6,606938709,T
3,5,423865173,T
3,6,174640165,T
3,6,116136001,T
3,6,202287261,T
3,1,626397233,F
3,6,314827195,T
3,0,854775047,F
3,3,712195785,T
3,5,288998878,T
3,5,067720401,T
3,3,213166415,T
3,1,960380848,F
3,1,972616967,F
3,3,061559378,T
3,5,577419710,T
3,1,643421731,F
3,1,278454479,F
3,1,847020456,F
3,3,962512686,T
3,5,670494326,T
3,3,786775579,T
3,3,656202038,T
3,0,407289598,F
3,6,407463507,T
3,5,168002858,T
3,5,519020929,T
3,1,243082403,F
3,3,778479355,T
3,6,182965415,T
3,1,977249276,F
3,3,114045991,T
3,6,759804178,T
3,5,004236895,T
3,3,124099576,T
3,0,350990278,F
3,1,724623020,F
3,5,411730579,T
3,1,203277840,F
3,5,063812310,T
3,6,661170822,T
3,1,641567769,F
3,1,756482203,F
3,5,229854306,T
3,5,430452856,T
3,3,862095702,T
3,3,786192480,T
3,0,255528753,F
3,5,085019940,T
3,5,607203459,T
3,5,367455682,T
3,1,096274404,F
3,3,167605220,T
3,3,939302128,T
3,6,407058949,T
3,1,615724098,F
3,1,099465110,F
3,6,671595783,T
3,1,192161619,F
3,3,898185291,T
3,3,381902047,T
3,6,421581939,T
3,6,994309487,T
3,5,358296550,T
3,1,779616338,F
3,3,698921266,T
3,3,331297651,T
3,6,115142990,T
3,1,894651735,F
3,5,015290384,T
3,5,306775396,T
3,5,074479897,T
3,1,418406114,F
3,5,228713811,T
3,5,821163019,T
3,6,659019289,T
3,6,210416191,T
3,1,308402767,F
3,1,148736093,F
3,6,948742338,T
3,6,781631904,T
3,1,668492950,F
3,6,241098013,T
3,6,249854440,T
3,6,237219325,T
3,3,757103556,T
3,1,811873611,F
3,5,008311471,T
3,5,496880750,T
3,5,548721938,T
3,2,889064525,F
3,1,128101549,F
3,3,418926447,T
3,5,457182217,T
3,5,880650281,T
3,1,234902691,F
3,5,492341259,T
3,6,350169431,T
3,3,712092997,T
3,6,775364333,T
3,3,468774696,T
3,6,406022211,T
3,0,419193548,F
3,0,137311083,F
3,5,992888863,T
3,0,127556167,F
3,0,221544802,F
3,1,856740215,F
3,6,030191445,T
3,1,094676665,F
3,6,116982572,T
3,6,210634178,T
3,5,242260760,T
3,3,360355183,T
3,6,380661003,T
3,6,868752317,T
3,5,278180387,T
3,0,503631238,F
3,6,077839692,T
3,6,759841379,T
3,1,157780835,F
3,3,864649175,T
3,1,406576319,F
3,3,777996514,T
3,1,728430685,F
3,3,964069377,T
3,1,626218229,F
3,6,457735057,T
3,3,578655856,T
3,5,300373243,T
3,1,563145217,F
3,6,923152069,T
3,3,002712556,T
3,1,794758462,F
3,1,553134282,F
3,6,694628426,T
3,5,918462389,T
3,6,692730731,T
3,1,332127616,F
3,6,638748958,T
3,1,194672977,F
3,1,914860681,F
3,3,495138443,T
3,2,234932304,F
3,0,435456150,F
3,6,004172916,T
3,1,131771901,F
3,1,354696100,F
3,0,323799543,F
3,5,236607960,T
3,5,424436340,T
3,3,679756072,T
3,0,844360064,F
3,5,404328949,T
3,3,131646356,T
3,6,308684284,T
3,1,225987026,F
3,1,231124334,F
3,6,200091332,T
3,1,256199438,F
3,5,217204461,T
3,5,665577014,T
3,3,265352579,T
3,1,210358711,F
3,5,868175214,T
3,0,831482217,F
3,5,145331262,T
3,1,587676476,F
3,3,548917560,T
3,3,958375426,T
3,3,639138909,T
3,3,741824010,T
3,6,786524769,T
3,6,442672146,T
3,1,168721784,F
3,1,045310426,F
3,6,475837552,T
3,1,877234159,F
3,1,334206728,F
3,6,677417487,T
3,3,431686085,T
3,3,921144381,T
3,0,086801822,F
3,6,901368587,T
3,1,707621111,F
3,6,850872429,T
3,1,818725345,F
3,5,503386550,T
3,6,707774700,T
3,0,641871123,F
3,0,597355774,F
3,0,977152867,F
3,5,677262886,T
3,6,835860541,T
3,3,543900024,T
3,5,756953575,T
3,0,960172464,F
3,1,234860233,F
3,5,453307532,T
3,3,768362828,T
3,6,905406192,T
3,5,636117543,T
3,3,622028400,T
3,1,862573375,F
3,1,463230399,F
3,6,173542434,T
3,6,202698573,T
3,6,676736735,T
3,5,271169819,T
3,5,617058082,T
3,1,063204636,F
3,1,458847929,F
3,6,829343797,T
3,3,487711676,T
3,5,748571364,T
3,6,544789336,T
3,0,555976154,F
3,3,335164170,T
3,5,096207038,T
3,5,275779270,T
3,6,174121747,T
3,3,562176673,T
3,6,945578987,T
3,5,451058299,T
3,6,944607857,T
3,6,875847571,T
3,1,954656445,F
3,0,415208058,F
3,3,022817810,T
3,6,432210029,T
3,6,541039995,T
3,1,467921045,F
3,1,650968723,F
3,0,608763068,F
3,6,208718308,T
3,0,086826898,F
3,5,275356624,T
3,0,637726315,F
3,1,653191841,F
3,3,657698796,T
3,1,955912217,F
3,3,916534637,T
3,5,419847493,T
3,3,147176153,T
3,5,739642045,T
3,5,994567937,T
3,3,577053636,T
3,3,702248638,T
3,3,472420738,T
3,1,653571988,F
3,3,616656474,T
3,1,925129389,F
3,1,973313706,F
3,1,512843908,F
3,5,618151833,T
3,5,109148863,T
3,3,216516872,T
3,3,047281575,T
3,3,556713399,T
3,1,896360037,F
3,5,624576989,T
3,0,398067913,F
3,1,433079292,F
3,3,862454550,T
3,5,685783819,T
3,6,072555609,T
3,3,584535151,T
3,1,479226603,F
3,6,329706091,T
3,1,276653551,F
3,6,692265751,T
3,1,851072733,F
3,5,407196663,T
3,5,753523032,T
3,6,193543356,T
3,1,761071950,F
3,6,257709881,T
3,3,859379565,T
3,1,938666441,F
3,3,306848761,T
3,3,354676422,T
3,5,903140643,T
3,3,903898992,T
3,6,139463519,T
3,1,884495664,F
4,6,490557107,T
4,3,594680320,F
4,8,169274211,T
4,8,787835977,T
4,7,783793738,T
4,2,075805847,F
4,7,505795466,T
4,7,253320107,T
4,0,909408015,F
4,0,099909715,F
4,2,719397197,F
4,6,253995173,T
4,2,877576106,F
4,4,038149772,T
4,0,384761687,F
4,8,671101893,T
4,8,823647288,T
4,2,142275976,F
4,7,300394441,T
4,2,091586443,F
4,8,603327013,T
4,0,323948420,F
4,6,487649357,T
4,3,311629617,F
4,0,674470685,F
4,6,177873597,T
4,8,905617882,T
4,0,289571658,F
4,8,183222028,T
4,0,966512139,F
4,4,950910695,T
4,5,268109203,F
4,0,760434853,F
4,8,973916790,T
4,5,896657097,F
4,0,558307620,F
4,3,845511787,F
4,8,615517620,T
4,0,799650553,F
4,8,752787218,T
4,3,740116457,F
4,8,563700138,T
4,8,491491158,T
4,6,174193564,T
4,6,577785295,T
4,3,447974166,F
4,7,799167685,T
4,2,042406792,F
4,7,908673715,T
4,8,042057284,T
4,0,357754765,F
4,0,883498184,F
4,3,621868784,F
4,8,567317995,T
4,3,818165452,F
4,7,157105342,T
4,0,400983153,F
4,8,834398103,T
4,5,518046632,F
4,6,002648692,T
4,8,101040042,T
4,2,237388215,F
4,8,772082828,T
4,2,669479943,F
4,0,435012056,F
4,3,874385117,F
4,7,334651678,T
4,2,157811176,F
4,8,278811005,T
4,2,741361164,F
4,3,044791015,F
4,2,978734578,F
4,4,229923269,T
4,6,756408762,T
4,0,459452549,F
4,3,996408145,F
4,8,421716209,T
4,7,609042848,T
4,0,009650859,F
4,7,802242180,T
4,2,168230939,F
4,8,284300945,T
4,7,406362382,T
4,8,355107903,T
4,3,964035464,F
4,3,120301083,F
4,6,611001801,T
4,0,519347598,F
4,2,637682811,F
4,4,798499731,T
4,6,268134631,T
4,6,044868950,T
4,0,135485235,F
4,0,543109401,F
4,0,001667770,F
4,7,170690308,T
4,8,301835897,T
4,0,030322180,F
4,0,340907616,F
4,7,472197703,T
4,8,193509894,T
4,5,558648311,F
4,3,901966140,F
4,5,872874775,F
4,5,707520222,F
4,4,515385245,T
4,2,438936493,F
4,6,941423184,T
4,0,543988612,F
4,7,003952974,T
4,2,279584565,F
4,8,822017754,T
4,3,453467837,F
4,7,486988495,T
4,8,042192955,T
4,6,410064457,T
4,5,818773860,F
4,6,341900462,T
4,6,309597020,T
4,8,444090423,T
4,2,892262650,F
4,7,883924025,T
4,2,122157951,F
4,2,907288410,F
4,6,247401000,T
4,0,968955979,F
4,2,238065818,F
4,7,569344878,T
4,6,721825485,T
4,8,180028306,T
4,0,715094306,F
4,2,132554361,F
4,0,714226353,F
4,3,200352278,F
4,0,512185204,F
4,4,129342761,T
4,2,137774370,F
4,6,656539803,T
4,0,406795354,F
4,7,796641457,T
4,8,143030567,T
4,0,989454299,F
4,7,987282133,T
4,4,112985566,T
4,3,292131338,F
4,6,951689117,T
4,2,133250528,F
4,8,835684499,T
4,8,134296605,T
4,4,911111151,T
4,8,579841990,T
4,2,577400501,F
4,7,517155400,T
4,8,569717560,T
4,0,455443620,F
4,8,239933387,T
4,2,185687555,F
4,6,267070670,T
4,0,226817522,F
4,7,642982976,T
4,2,897526210,F
4,7,016358860,T
4,8,880525937,T
4,2,311086810,F
4,0,936702849,F
4,2,085135543,F
4,3,081749374,F
4,8,745135502,T
4,6,040029029,T
4,6,177875962,T
4,0,376171493,F
4,2,453121706,F
4,7,331956964,T
4,0,683858454,F
4,8,326836239,T
4,3,144457454,F
4,4,484175352,T
4,3,675548116,F
4,2,704027824,F
4,0,995940731,F
4,8,557327950,T
4,8,117194010,T
4,6,644426472,T
4,3,741970618,F
4,2,540102330,F
4,8,279056404,T
4,4,564626014,T
4,7,397297140,T
4,0,413021347,F
4,3,976892232,F
4,4,197305589,T
4,0,901467495,F
4,6,496639654,T
4,3,887443688,F
4,8,920319025,T
4,3,257808565,F
4,3,798602327,F
4,0,848508517,F
4,8,471339736,T
4,6,167684465,T
4,0,764746889,F
4,4,847108737,T
4,7,226467481,T
4,3,514200941,F
4,0,474265439,F
4,2,089792382,F
4,2,522009146,F
4,0,515939494,F
4,0,393156783,F
4,8,344340647,T
4,2,285344779,F
4,0,654707395,F
4,0,103436033,F
4,0,154130623,F
4,7,855795734,T
4,2,382563483,F
4,0,363921570,F
4,8,096252411,T
4,8,470843927,T
4,6,561312648,T
4,7,731401924,T
4,0,765824233,F
4,6,568038938,T
4,7,021150913,T
4,8,017621658,T
4,2,304673279,F
4,0,049198050,F
4,5,814909671,F
4,2,028368470,F
4,6,153382839,T
4,4,894226628,T
4,5,163962263,F
4,2,970789301,F
4,0,713259280,F
4,8,204909963,T
4,8,826637566,T
4,4,855591803,T
4,2,425062378,F
4,6,860431417,T
4,7,773430799,T
4,6,316801292,T
4,8,363166652,T
4,7,847313882,T
4,4,669151804,T
4,2,890830965,F
4,3,792429597,F
4,7,332610008,T
4,8,255461252,T
4,7,149071905,T
4,7,430580778,T
4,8,308899004,T
4,0,297674957,F
4,8,741414655,T
4,8,769022585,T
4,7,370842836,T
4,2,597656356,F
4,3,354262848,F
4,3,437404160,F
4,2,972670584,F
4,4,255438765,T
4,8,412176574,T
4,0,041571258,F
4,7,816165612,T
4,2,260761303,F
4,0,257669107,F
4,7,465454660,T
4,7,395571141,T
4,8,130994181,T
4,7,885787801,T
4,2,603072803,F
4,7,143185492,T
4,0,598036121,F
4,8,361841113,T
4,8,559725614,T
4,8,066756825,T
4,2,515476315,F
4,8,016448831,T
4,2,653519704,F
4,3,897087901,F
4,2,242124663,F
4,2,549403355,F
4,6,832479792,T
4,0,958155419,F
4,4,645709092,T
4,2,242024965,F
4,2,822065968,F
4,2,381417317,F
4,8,640222662,T
4,2,712107909,F
4,0,235830736,F
4,3,815956293,F
4,3,590164078,F
4,8,939338794,T
4,3,398262226,F
4,8,994864045,T
4,7,206584921,T
4,3,516918394,F
4,6,934025398,T
4,6,356084134,T
4,7,501067179,T
4,7,355583514,T
4,3,571489492,F
4,8,408300392,T
4,8,118476443,T
4,7,008087542,T
4,0,675332590,F
4,8,777619275,T
4,4,325342537,T
4,8,438226539,T
4,3,207461640,F
4,0,081853481,F
4,4,152178253,T
4,8,120816597,T
4,8,517796617,T
4,6,661779655,T
4,3,520189814,F
4,3,520490913,F
4,2,788262416,F
4,7,444839389,T
4,2,694069555,F
4,7,819099740,T
4,0,596269500,F
4,6,956865469,T
4,2,968384888,F
4,7,742305807,T
4,8,087981722,T
4,8,411016063,T
4,6,875102481,T
4,7,892558163,T
4,8,515911806,T
4,2,438069254,F
4,3,679178130,F
4,7,651173865,T
4,6,841970821,T
4,2,137783995,F
4,3,858137005,F
4,8,598463106,T
4,7,903590690,T
4,3,531372903,F
4,7,992949408,T
4,2,000130226,F
4,8,543438635,T
4,8,645392863,T
4,5,625422057,F
4,8,394729226,T
4,2,976621732,F
4,6,591348373,T
4,8,089626880,T
4,3,334324744,F
4,5,821400771,F
4,3,581424802,F
4,0,535371012,F
4,7,090018198,T
4,3,490071142,F
4,0,920581175,F
4,3,786761100,F
4,8,743759992,T
4,2,672808934,F
4,3,206748902,F
4,0,231894285,F
4,2,456955486,F
4,8,884929051,T
4,8,518661872,T
4,3,920664577,F
4,0,159787464,F
4,8,332974802,T
4,2,445044501,F
4,0,279441132,F
4,2,826446169,F
4,7,725228039,T
4,4,901053715,T
4,3,054471564,F
4,8,075545607,T
4,8,663116313,T
4,2,169381431,F
4,6,752768962,T
4,8,064706740,T
4,7,974002566,T
4,8,358440148,T
4,8,517787831,T
4,8,597034726,T
4,2,795436019,F
4,8,475895656,T
4,8,692524612,T
4,2,099573767,F
4,7,234307023,T
4,2,396366926,F
4,7,228023911,T
4,3,604198734,F
4,6,274569810,T
4,8,682457795,T
4,8,488296218,T
4,0,776443084,F
4,2,903318510,F
4,0,395485057,F
4,3,824036611,F
4,0,524618628,F
4,4,423337717,T
4,7,363646138,T
4,8,816289882,T
4,3,497362179,F
4,0,741628501,F
4,2,408053064,F
4,5,100943777,F
4,8,866528127,T
4,0,014854611,F
4,2,474133185,F
4,2,757795101,F
4,3,804328379,F
4,8,106931107,T
4,0,151321363,F
4,0,598863079,F
4,2,186783502,F
4,8,950157702,T
4,0,016341128,F
4,5,336766228,F
4,6,832754927,T
4,2,710188399,F
4,0,883696204,F
4,7,436460586,T
4,6,752947161,T
4,2,493807552,F
4,6,714355589,T
4,0,603262120,F
4,3,569901628,F
4,2,438376040,F
4,8,938579605,T
4,7,161160492,T
4,3,926927510,F
4,2,101712032,F
4,8,260222345,T
4,6,357076108,T
4,0,183222022,F
4,0,315021797,F
4,2,253267778,F
4,8,218744490,T
4,2,993584441,F
4,0,248656148,F
4,3,964252120,F
4,2,782123457,F
4,0,125064585,F
4,4,106132247,T
4,2,031631051,F
4,2,429452591,F
4,2,137655445,F
4,8,200014458,T
4,0,929239340,F
4,6,900985038,T
4,6,038402445,T
4,3,038526715,F
4,0,552637994,F
4,7,519087331,T
4,3,936988544,F
4,8,150358586,T
4,2,636252492,F
4,3,579024456,F
4,5,934587078,F
4,8,773118588,T
4,3,630402783,F
4,0,410397897,F
4,3,210573390,F
4,3,030809965,F
4,2,677769732,F
4,5,832728510,F
4,0,313697147,F
4,0,720549504,F
4,5,803128723,F
4,4,817762857,T
4,7,708638700,T
4,2,538083387,F
4,2,332365776,F
4,6,556639901,T
4,8,700007628,T
4,7,586715800,T
4,0,324977885,F
4,0,368699058,F
4,8,042971645,T
4,8,918744299,T
4,0,360779481,F
4,7,723160651,T
4,6,220174772,T
4,8,807576852,T
4,2,606355638,F
4,8,783317752,T
4,2,958678319,F
4,3,467891126,F
4,3,354482781,F
4,8,532274378,T
4,3,116029143,F
4,8,077725686,T
4,7,497769050,T
4,3,582210115,F
4,8,210685407,T
4,7,192873615,T
4,3,844490719,F
4,6,515583535,T
4,8,607316503,T
4,8,135985179,T
4,0,413691879,F
4,8,108510716,T
4,2,674817358,F
4,0,236788793,F
4,8,220568519,T
4,2,990587072,F
4,3,238184318,F
4,2,079861653,F
4,2,557319924,F
4,7,570951509,T
4,2,664371943,F
4,4,045422615,T
4,7,307665908,T
4,7,236460899,T
4,0,304869642,F
4,0,932648495,F
4,8,999393923,T
4,0,199610815,F
4,7,990151512,T
4,7,682936702,T
4,2,876444221,F
4,5,770274159,F
4,2,931223044,F
4,6,785852089,T
4,2,245348857,F
4,8,352617612,T
4,0,488409593,F
4,4,028616918,T
4,8,955648122,T
4,7,005116760,T
4,2,549253867,F
4,7,313159172,T
4,8,945169012,T
4,7,598670441,T
4,2,904640243,F
4,7,919908587,T
4,5,705804874,F
4,7,669603913,T
4,2,663245485,F
4,7,735597536,T
4,3,133378288,F
4,0,988499452,F
4,4,947296772,T
4,6,069276597,T
4,3,173272506,F
4,7,106348466,T
4,4,008521865,T
4,2,487958147,F
4,3,498459216,F
4,7,939204421,T
4,8,064455034,T
4,7,015399884,T
4,3,667192907,F
4,8,560629548,T
4,7,877804305,T
4,8,304563682,T
4,2,729141117,F
4,6,916517377,T
4,2,920664997,F
4,8,678338306,T
4,8,036474918,T
4,7,244746529,T
4,5,472530463,F
4,6,924179431,T
4,8,690522164,T
4,0,799706659,F
4,0,702453426,F
4,2,817674489,F
4,0,367777257,F
4,8,746771275,T
4,6,882345478,T
4,0,399380405,F
4,7,460392534,T
4,6,131944425,T
4,7,329179715,T
4,4,368221356,T
4,8,629286177,T
4,2,120226154,F
4,3,596755118,F
4,2,799555739,F
4,0,203430640,F
4,0,391367736,F
4,6,943576745,T
4,7,849195479,T
4,7,182432240,T
4,3,647885101,F
4,2,589366901,F
4,6,298024885,T
4,4,264156326,T
4,0,760571149,F
4,7,749906555,T
4,7,246625831,T
4,8,311832329,T
4,0,692462240,F
4,0,787063242,F
4,8,685577883,T
4,8,870413916,T
4,8,467950878,T
4,3,614957691,F
4,2,281819861,F
4,4,179419985,T
4,0,968155689,F
4,3,805629068,F
4,2,288554897,F
4,4,183067458,T
4,0,866090928,F
4,2,952317933,F
4,2,324792061,F
4,6,703791524,T
4,7,159813449,T
4,3,139236782,F
4,3,518461687,F
4,7,941372594,T
4,7,319317861,T
4,5,781411636,F
4,0,474611548,F
4,0,371667879,F
4,2,882526097,F
4,7,476036106,T
4,3,804947762,F
4,8,619352458,T
4,8,491321431,T
4,3,274048303,F
4,3,752437110,F
4,3,714671161,F
4,7,372084406,T
4,3,453253288,F
4,8,842792433,T
4,2,380999519,F
4,4,290828027,T
4,8,777761442,T
4,3,089529808,F
4,8,806226212,T
4,0,239597026,F
4,0,148731763,F
4,7,355017549,T
4,6,774962411,T
4,3,712651554,F
4,3,188668171,F
4,8,938746316,T
4,2,782385591,F
4,6,667594402,T
4,4,399504834,T
4,5,230527075,F
4,0,156072256,F
4,7,891499340,T
4,3,762490753,F
4,2,739963185,F
4,0,678806060,F
4,3,194275092,F
4,5,239207137,F
4,8,572849517,T
4,8,268873669,T
4,3,164280713,F
4,4,759656970,T
4,0,841198512,F
4,0,025156218,F
4,4,418649501,T
4,4,589886633,T
4,0,807383739,F
4,3,022172654,F
4,5,329445940,F
4,3,740275928,F
4,2,427136815,F
4,7,830423923,T
4,5,185933015,F
4,3,684514440,F
4,2,705195676,F
4,0,654169576,F
4,0,283908185,F
4,2,045539334,F
4,0,508453094,F
4,0,632004202,F
4,0,142082199,F
4,8,460663508,T
4,8,839874936,T
4,0,502579379,F
4,3,515472669,F
4,0,606120576,F
4,0,587426766,F
4,8,780553627,T
4,0,759992387,F
4,7,449065676,T
4,0,590127455,F
4,2,026464822,F
4,2,059509446,F
4,2,756751022,F
4,7,010425262,T
4,6,700118236,T
4,8,296932814,T
4,3,497381472,F
4,8,762955512,T
4,2,388804371,F
4,3,053062253,F
4,8,867479770,T
4,6,768923353,T
4,2,213147907,F
4,2,128434130,F
4,8,149503630,T
4,0,918625639,F
4,8,116227017,T
4,0,214023745,F
4,5,755296527,F
4,0,710936354,F
4,0,849204276,F
4,0,958461241,F
4,7,413334551,T
4,0,550190702,F
4,2,935354643,F
4,0,913341489,F
4,6,249085245,T
4,2,850038023,F
4,8,339494322,T
4,3,625375292,F
4,4,955829362,T
4,8,770128228,T
4,8,685765073,T
4,0,999884305,F
4,2,390292951,F
4,8,723600626,T
4,5,087663735,F
4,0,237327345,F
4,0,838247352,F
4,8,333668746,T
4,4,245051907,T
4,2,245136381,F
4,4,774364252,T
4,2,738787541,F
4,2,752683200,F
4,3,437852431,F
4,6,202284830,T
4,8,109307804,T
4,2,594460129,F
4,2,143135378,F
4,3,544999698,F
4,8,565331624,T
4,8,852927926,T
4,2,560634911,F
4,3,192667150,F
4,4,720699481,T
4,3,141842085,F
4,7,954529714,T
4,2,393969423,F
4,2,804545348,F
4,7,913499476,T
4,8,981016661,T
4,7,825421760,T
4,0,799176865,F
4,0,341664317,F
4,8,898780849,T
4,0,730803124,F
4,8,102104464,T
4,3,668881531,F
4,8,451211519,T
4,5,690508277,F
4,2,075994581,F
4,4,974897389,T
4,8,895591196,T
4,5,101274180,F
4,8,076779847,T
4,0,330608507,F
4,7,988130223,T
4,4,744578181,T
4,2,239387948,F
4,7,066772814,T
4,0,912158840,F
4,3,853504632,F
4,8,041058642,T
4,0,189716011,F
4,0,325723610,F
4,5,833995262,F
4,6,616840389,T
4,6,161605002,T
4,2,755237956,F
4,3,456287251,F
4,0,406196164,F
4,8,374156133,T
4,8,524780756,T
4,8,520583078,T
4,8,208658740,T
4,7,750770659,T
4,0,669935080,F
4,3,455328290,F
4,3,035195174,F
4,0,254018436,F
4,0,411845536,F
4,8,975326748,T
4,8,074683500,T
4,7,988246273,T
4,8,713947511,T
4,5,252214144,F
4,7,013627443,T
4,8,335788354,T
4,8,433269818,T
4,6,346497721,T
4,3,302179124,F
4,7,937118590,T
4,5,907467037,F
4,2,247428505,F
4,3,121654987,F
4,0,443063214,F
4,5,779390078,F
4,3,791047364,F
4,3,797007598,F
4,8,111751027,T
4,4,165194401,T
4,2,399025024,F
4,0,016256694,F
4,6,600049011,T
4,8,368493624,T
4,7,435436994,T
4,4,073262865,T
4,8,793849340,T
4,0,688668316,F
4,6,562518755,T
4,0,519051107,F
4,2,742415982,F
4,0,971241231,F
4,2,650122875,F
4,6,447296464,T
4,3,899718428,F
4,7,907798138,T
4,8,589865563,T
4,0,691901833,F
4,8,519722076,T
4,5,913476131,F
4,7,323473619,T
4,3,699987546,F
4,3,380529592,F
4,8,858857054,T
4,0,515028145,F
4,2,419842859,F
4,7,728276555,T
4,2,370219270,F
4,0,848212840,F
4,8,169123064,T
4,2,733807424,F
4,0,246114503,F
4,5,694981126,F
4,0,055384294,F
4,8,118173645,T
4,8,857441314,T
4,0,597169453,F
4,3,699779158,F
4,3,335380834,F
4,5,518014605,F
4,2,958884390,F
4,0,214397195,F
4,7,685102159,T
4,5,269945353,F
4,2,079070772,F
4,8,623877880,T
4,8,010280142,T
4,3,905878553,F
4,2,898606825,F
4,7,929820938,T
4,0,682953769,F
4,6,743836884,T
4,0,463385249,F
4,7,212946146,T
4,8,747590631,T
4,8,596592639,T
4,0,356092525,F
4,8,860174498,T
4,0,928159540,F
4,7,125798500,T
4,7,564924603,T
4,3,998301932,F
4,8,700335082,T
4,3,163468148,F
4,0,706165428,F
4,5,171839747,F
4,7,734893275,T
4,5,486838500,F
4,2,395687838,F
4,3,849430218,F
4,8,865718750,T
4,8,518310050,T
4,6,271852637,T
4,8,243236153,T
4,4,685710983,T
4,8,197702411,T
4,4,295575120,T
4,8,215281245,T
4,2,060893696,F
4,0,158568572,F
4,8,515489591,T
4,2,600167728,F
4,6,718495848,T
4,6,591163159,T
4,3,647958362,F
4,8,819952243,T
4,0,510885024,F
4,8,911474038,T
4,7,134402165,T
4,7,027639203,T
4,0,813358193,F
4,3,219001494,F
4,3,055913660,F
4,0,348028403,F
4,8,979994449,T
4,4,650956876,T
4,6,611837890,T
4,5,028974577,F
4,2,051403939,F
4,2,533763774,F
4,3,983600101,F
4,6,369529818,T
4,2,807282005,F
4,0,959470487,F
4,3,856908799,F
4,8,644450244,T
4,6,433992652,T
4,3,582786193,F
4,6,454272511,T
4,6,936560213,T
4,0,769402706,F
4,0,089523985,F
4,3,134105661,F
4,8,845921079,T
4,8,341395204,T
4,7,332943878,T
4,2,451492927,F
4,6,034114725,T
4,7,683525602,T
4,0,501465117,F
4,4,381677722,T
4,6,513699895,T
4,2,798873711,F
4,0,775247728,F
4,0,566743924,F
4,0,431285508,F
4,8,340012281,T
4,7,598219196,T
4,8,908624962,T
4,0,127179616,F
4,3,739503386,F
4,3,815790066,F
4,8,323654788,T
4,2,638816875,F
4,8,553437534,T
4,8,650490945,T
4,4,924800561,T
4,8,447110520,T
4,0,976099737,F
4,8,591373158,T
4,2,884924845,F
4,7,454180432,T
4,8,738778608,T
4,7,195550397,T
4,3,298490767,F
4,6,459259305,T
4,3,148831355,F
4,3,829634484,F
4,2,013839244,F
4,2,115748580,F
4,8,227625464,T
4,5,004531336,F
4,2,146556570,F
4,7,885544038,T
4,2,701180577,F
4,3,382543862,F
4,0,599347738,F
4,3,781822923,F
4,5,222152393,F
4,2,208511677,F
4,7,120195436,T
4,2,671037434,F
4,2,363590128,F
4,7,510941246,T
4,2,139873188,F
4,2,804964374,F
4,0,200149996,F
4,4,831150522,T
4,4,072026692,T
4,5,948302973,F
4,8,178808794,T
4,2,844204683,F
4,6,239978765,T
4,8,248533506,T
4,2,828734097,F
4,3,018348619,F
4,6,535926500,T
4,8,501273018,T
4,8,707316537,T
4,8,239652341,T
4,7,851885608,T
4,0,914974741,F
4,7,351808647,T
4,5,407598871,F
4,8,399443182,T
4,0,746476220,F
4,5,877246159,F
4,8,086486324,T
4,7,162519026,T
4,0,440687540,F
4,8,507433883,T
4,4,849323549,T
4,0,000288746,F
4,0,902004108,F
4,3,258465687,F
4,5,385011180,F
4,7,313645393,T
4,6,292985314,T
4,2,726274394,F
4,6,010216273,T
4,2,339120739,F
4,7,050951342,T
4,2,667221999,F
4,5,721980462,F
4,3,078400410,F
4,2,176427319,F
4,0,012749355,F
4,0,966436389,F
4,0,355258871,F
4,8,730213615,T
4,7,897584017,T
4,4,130410434,T
4,0,920172263,F
4,7,095146658,T
4,0,860173925,F
4,8,769381690,T
4,7,034581795,T
4,0,881019275,F
4,2,776829695,F
4,0,340291511,F
4,8,451017674,T
4,6,765190691,T
4,4,170900701,T
4,4,903902310,T
4,2,599832635,F
4,7,554404848,T
4,3,452957356,F
4,2,766617191,F
4,3,074663863,F
4,0,349307059,F
4,8,368482470,T
4,0,252637104,F
4,0,399264485,F
4,7,427685793,T
4,3,983127539,F
4,8,548522740,T
4,2,413898943,F
4,4,770584231,T
4,3,190073579,F
4,2,110865745,F
4,2,533383047,F
4,6,054931160,T
4,8,529417794,T
4,8,810116238,T
4,2,416413190,F
4,3,242180710,F
4,8,805073004,T
4,0,389977803,F
4,8,385793263,T
4,3,095617325,F
4,4,594981868,T
4,7,894006201,T
4,8,559561179,T
4,0,463906695,F
4,7,787501534,T
4,8,801200104,T
4,7,146658282,T
4,8,038500215,T
4,2,958644288,F
4,3,256406210,F
4,8,743834581,T
4,0,231940004,F
4,8,615502709,T
4,7,862059387,T
4,0,583803048,F
4,3,223625563,F
4,7,248027888,T
4,0,570880620,F
4,6,570857019,T
4,7,987262854,T
4,4,258562486,T
4,0,207164150,F
4,3,284462648,F
4,0,823504315,F
4,0,019989343,F
4,7,557019108,T
4,8,295491225,T
4,2,448555149,F
4,2,592839038,F
4,3,329076178,F
4,0,760369750,F
4,0,553527489,F
4,7,721285695,T
4,0,718310676,F
4,2,825288581,F
4,5,193189406,F
4,5,593588380,F
4,7,471053218,T
4,6,999260155,T
4,0,058265481,F
4,3,212819889,F
4,0,452647222,F
4,2,073618224,F
4,7,067787065,T
4,8,665290039,T
4,3,747167227,F
